證券代號,證券名稱,成交股數,成交金額,開盤價,最高價,最低價,收盤價,漲跌價差,成交筆數
"0050","元大台灣50","16168656","1619067920","100.80","101.00","99.55","99.75","-1.3500","18345"
"0051","元大中型100","18768","935032","49.68","49.87","49.68","49.68","-0.1200","147"
"0052","富邦科技","120032","10124718","85.15","85.15","83.70","83.70","-1.3500","363"
"0053","元大電子","1032","51084","49.50","49.50","49.50","49.50","-0.0100","4"
"0055","元大MSCI金融","188976","3886063","20.73","20.73","20.40","20.43","-0.2500","389"
"0056","元大高股息","181769611","4348857123","23.93","24.08","23.70","23.95","0.0000","89853"
"0057","富邦摩台","1973","141426","72.25","72.25","72.25","72.25","0.1000","872"
"0061","元大寶滬深","402031","7310720","18.33","18.42","18.14","18.16","-0.2600","779"
"006203","元大MSCI台灣","12117","594999","49.29","49.29","48.78","48.78","-0.2200","813"
"006204","永豐臺灣加權","28286","1842502","65.45","65.60","65.00","65.00","0.0000","1047"
"006205","富邦上証","1195981","36155808","30.73","30.74","30.10","30.12","-0.6200","1070"
"006206","元大上證50","149768","4307806","29.25","29.33","28.63","28.63","-0.7500","1034"
"006207","FH滬深","164198","3937578","24.01","24.22","23.72","23.72","-0.4900","999"
"006208","富邦台50","4351582","251035385","58.00","58.10","57.25","57.25","-0.7500","5650"
"00625K","富邦上証+R","","","","","","","0.0000",""
"00631L","元大台灣50正2","9540351","755480060","78.90","79.90","77.70","77.80","-1.3500","3770"
"00632R","元大台灣50反1","168413983","1095716635","6.50","6.56","6.46","6.56","0.0600","6051"
"00633L","富邦上証正2","7231274","278976481","39.21","39.45","37.93","37.95","-1.2600","2097"
"00634R","富邦上証反1","936201","4482126","4.74","4.82","4.74","4.82","0.1000","111"
"00635U","期元大S&P黃金","319793","6910055","21.64","21.68","21.57","21.59","-0.1600","122"
"00636","國泰中國A50","2233808","46090352","20.96","21.02","20.57","20.57","-0.4500","1549"
"00636K","國泰中國A50+U","200","1290","6.45","6.45","6.45","6.45","-0.1600","2"
"00637L","元大滬深300正2","67746340","1028495336","15.40","15.48","14.87","14.87","-0.5200","9309"
"00638R","元大滬深300反1","425000","4350400","10.21","10.35","10.16","10.35","0.1700","90"
"00639","富邦深100","945098","11800315","12.72","12.72","12.42","12.44","-0.2900","492"
"00640L","富邦日本正2","398112","10896219","27.40","27.46","27.24","27.36","0.1800","66"
"00641R","富邦日本反1","540000","5362760","9.92","9.95","9.92","9.95","-0.0100","103"
"00642U","期元大S&P石油","2877087","51159087","17.82","17.85","17.74","17.75","-0.4900","938"
"00643","群益深証中小","296816","4447548","15.10","15.12","14.86","14.86","-0.2500","901"
"00643K","群益深証中小+R","","","","","","","0.0000",""
"00645","富邦日本","90947","2310476","25.45","25.45","25.35","25.39","-0.0100","866"
"00646","元大S&P500","619478","22946321","37.06","37.16","36.95","36.95","0.0800","531"
"00647L","元大S&P500正2","421359","20687024","49.19","49.34","48.95","48.96","0.1800","163"
"00648R","元大S&P500反1","3481100","27584585","7.91","7.95","7.89","7.95","0.0000","334"
"00650L","FH香港正2","4611210","48880882","10.60","10.77","10.43","10.44","-0.1900","736"
"00651R","FH香港反1","458000","4776630","10.47","10.52","10.34","10.52","0.1500","50"
"00652","富邦印度","142843","4288141","29.96","30.12","29.96","30.12","0.1700","380"
"00653L","富邦印度正2","463077","20509548","44.06","44.55","44.05","44.48","0.4400","137"
"00654R","富邦印度反1","667000","5466230","8.19","8.22","8.18","8.18","-0.0100","87"
"00655L","國泰中國A50正2","2447833","65934667","27.35","27.55","26.50","26.50","-0.9300","766"
"00656R","國泰中國A50反1","322000","2923120","8.99","9.15","8.99","9.15","0.1700","30"
"00657","國泰日經225","3707","116753","31.77","31.77","31.57","31.57","0.0100","699"
"00657K","國泰日經225+U","200","1978","9.89","9.89","9.89","9.89","0.0400","2"
"00660","元大歐洲50","611","14946","","","","","0.0000","611"
"00661","元大日經225","1722","58508","34.30","34.30","34.30","34.30","0.0000","713"
"00662","富邦NASDAQ","428636","19919990","46.58","46.64","46.30","46.30","-0.0400","302"
"00663L","國泰臺灣加權正2","100100","7252798","72.60","73.15","71.60","71.60","-1.2000","32"
"00664R","國泰臺灣加權反1","4967013","36504291","7.34","7.40","7.31","7.40","0.0600","448"
"00665L","富邦恒生國企正2","6507801","44324199","6.82","6.95","6.69","6.69","-0.1600","585"
"00666R","富邦恒生國企反1","170000","3145370","18.36","18.60","18.33","18.60","0.2200","22"
"00668","國泰美國道瓊","102258","3641250","35.61","35.67","35.54","35.58","0.1200","872"
"00668K","國泰美國道瓊+U","200","2226","11.13","11.13","11.13","11.13","0.0400","2"
"00669R","國泰美國道瓊反1","7532000","66223470","8.77","8.81","8.76","8.81","-0.0100","585"
"00670L","富邦NASDAQ正2","3891565","208393954","53.75","54.00","53.20","53.20","-0.3000","1250"
"00671R","富邦NASDAQ反1","19783400","129072004","6.51","6.56","6.50","6.56","0.0400","1123"
"00673R","期元大S&P原油反1","44770362","389147858","8.66","8.73","8.66","8.73","0.2200","3088"
"00674R","期元大S&P黃金反1","1790000","25625940","14.32","14.36","14.30","14.36","0.0800","219"
"00675L","富邦臺灣加權正2","1469917","46379017","31.62","32.05","31.20","31.25","-0.5000","760"
"00676R","富邦臺灣加權反1","11082478","44718538","4.03","4.06","4.00","4.06","0.0300","578"
"00678","群益NBI生技","74867","1921814","25.69","25.70","25.66","25.67","-0.0900","441"
"00680L","元大美債20正2","1237517","13505531","10.99","10.99","10.88","10.90","-0.1400","214"
"00681R","元大美債20反1","353300","6933431","19.56","19.64","19.56","19.64","0.1500","54"
"00682U","期元大美元指數","84308","1881262","22.28","22.35","22.28","22.35","0.0700","49"
"00683L","期元大美元指正2","1308000","33294630","25.30","25.53","25.30","25.53","0.2000","259"
"00684R","期元大美元指反1","38000","570570","15.04","15.04","15.00","15.00","-0.0600","19"
"00685L","群益臺灣加權正2","108000","3018740","28.05","28.34","27.70","27.76","-0.4200","32"
"00686R","群益臺灣加權反1","242000","1058960","4.36","4.40","4.34","4.40","0.0300","37"
"00688L","國泰20年美債正2","423000","4579930","10.87","10.88","10.79","10.80","-0.1400","52"
"00689R","國泰20年美債反1","205000","4170580","20.32","20.39","20.32","20.38","0.1300","18"
"00690","兆豐藍籌30","103543","2575231","25.00","25.00","24.85","24.85","-0.2200","12"
"00692","富邦公司治理","3027275","75966534","25.28","25.32","25.00","25.02","-0.2400","1938"
"00693U","期街口S&P黃豆","103000","2577320","25.08","25.08","24.98","25.03","-0.0900","29"
"00700","富邦恒生國企","106100","1206327","11.49","11.49","11.35","11.36","-0.0400","17"
"00701","國泰股利精選30","1169565","25229988","21.68","21.73","21.46","21.51","-0.1700","811"
"00702","國泰標普低波高息","277612","5805766","20.94","21.00","20.87","20.87","-0.0500","884"
"00703","台新MSCI中國","34000","477200","14.10","14.14","14.00","14.00","-0.1300","13"
"00706L","期元大S&P日圓正2","2616050","21986580","8.41","8.42","8.39","8.40","-0.0500","363"
"00707R","期元大S&P日圓反1","16000","428090","26.76","26.76","26.75","26.75","0.0000","7"
"00708L","期元大S&P黃金正2","583023","12229523","21.08","21.08","20.88","20.90","-0.3500","203"
"00709","富邦歐洲","142954","2940586","20.62","20.64","20.55","20.62","0.1400","982"
"00710B","FH彭博非投等債","252068","4578717","18.13","18.19","18.13","18.17","0.0600","122"
"00711B","FH彭博新興債","136112","2043568","15.01","15.06","15.01","15.06","0.0700","975"
"00712","FH富時不動產","2843462","27221983","9.60","9.61","9.54","9.57","0.0800","1525"
"00713","元大台灣高息低波","1949390","70371934","35.96","36.29","35.95","36.03","0.0300","750"
"00714","群益道瓊美國地產","180430","3307144","18.32","18.35","18.29","18.33","0.0000","169"
"00715L","期街口布蘭特正2","15369985","271042375","17.75","17.76","17.55","17.55","-0.7300","3248"
"00717","富邦美國特別股","258444","3838300","14.90","14.91","14.84","14.86","0.0000","1027"
"00728","第一金工業30","274612","5482927","19.97","20.09","19.84","19.84","-0.1300","292"
"00730","富邦臺灣優質高息","547079","8354765","15.24","15.35","15.17","15.25","0.0000","422"
"00731","FH富時高息低波","1071340","56977060","53.20","53.60","53.00","53.10","-0.1000","186"
"00732","國泰RMB短期報酬","100370","4111799","40.97","40.97","40.97","40.97","-0.1000","7"
"00733","富邦臺灣中小","269967","8107753","30.12","30.32","29.86","29.86","0.0000","355"
"00735","國泰臺韓科技","111000","2498610","22.51","22.51","22.51","22.51","-0.1500","4"
"00736","國泰新興市場","103001","1875407","18.10","18.21","18.09","18.20","0.0200","6"
"00737","國泰AI+Robo","36844","898500","24.46","24.46","24.34","24.34","0.1000","771"
"00738U","期元大道瓊白銀","685001","12958068","18.97","19.01","18.85","18.85","-0.1900","172"
"00739","元大MSCI A股","9920","225601","23.28","23.28","22.67","22.67","0.0000","928"
"00752","中信中國50","785561","12475979","15.96","16.09","15.80","15.80","-0.1600","269"
"00753L","中信中國50正2","5141604","45075009","8.79","8.93","8.60","8.60","-0.2400","773"
"00757","統一FANG+","593547","21732893","36.40","36.73","36.40","36.51","0.3900","377"
"00762","元大全球AI","43443","1316667","30.26","30.38","30.26","30.30","0.1100","42"
"00763U","期街口道瓊銅","41033","891162","21.76","21.81","21.60","21.60","-0.5700","24"
"00770","國泰北美科技","132982","3797661","28.62","28.62","28.51","28.57","0.0500","953"
"00771","元大US高息特別股","3779","62942","16.94","16.94","16.94","16.94","-0.0200","1060"
"00774B","新光中國政金綠債","2045","85709","41.92","41.92","41.92","41.92","-0.0800","4"
"00774C","新光中政金綠債+R","","","","","","","0.0000",""
"00775B","新光投等債15+","51721","1659506","32.10","32.15","32.10","32.15","0.0100","696"
"00783","富邦中証500","65004","1336381","20.56","20.56","20.54","20.54","-0.1300","9"
"00830","國泰費城半導體","3654432","76633808","21.05","21.05","20.88","20.88","-0.2300","1376"
"00850","元大臺灣ESG永續","230313","6277942","27.38","27.46","27.11","27.11","-0.2900","461"
"00851","台新全球AI","45275","1066760","23.67","23.68","23.56","23.57","0.0700","894"
"00852L","國泰美國道瓊正2","2622100","44705101","17.08","17.14","17.00","17.01","0.0500","386"
"00861","元大全球未來通訊","47019","1156256","24.66","24.66","24.50","24.50","-0.0500","103"
"00865B","國泰US短期公債","131492","5472662","41.49","41.64","41.49","41.64","0.1500","503"
"00875","國泰網路資安","184092","4806280","26.12","26.18","26.00","26.00","0.2400","113"
"00876","元大全球5G","285820","6488526","22.70","22.73","22.59","22.59","0.0000","162"
"00878","國泰永續高股息","35713103","558836603","15.62","15.74","15.60","15.60","-0.0100","16663"
"00881","國泰台灣5G+","9583076","121403224","12.74","12.78","12.60","12.60","-0.1400","2841"
"00882","中信中國高股息","4474530","48848378","10.88","10.99","10.83","10.88","0.0500","1226"
"00885","富邦越南","10952394","135721707","12.48","12.54","12.30","12.34","-0.1300","2625"
"00891","中信關鍵半導體","7281182","71507391","9.85","9.92","9.74","9.74","-0.1000","2047"
"00892","富邦台灣半導體","5406072","48772038","9.01","9.09","8.96","8.98","-0.0300","899"
"00893","國泰智能電動車","11743118","134108802","11.41","11.47","11.36","11.36","-0.0500","2127"
"00894","中信小資高價30","1332106","13505051","10.10","10.23","10.06","10.07","-0.0800","321"
"00895","富邦未來車","2674843","33280224","12.47","12.50","12.39","12.39","-0.0400","593"
"00896","中信綠能及電動車","1544547","18890286","12.20","12.31","12.19","12.20","-0.0400","491"
"00897","富邦基因免疫生技","1965068","18158775","9.24","9.26","9.20","9.20","-0.0700","183"
"00898","國泰基因免疫革命","330081","2459304","7.43","7.50","7.40","7.40","-0.0700","163"
"00899","FT潔淨能源","128819","2728289","21.30","21.30","21.13","21.13","0.1100","117"
"00900","富邦特選高股息30","8134657","80843764","9.91","9.99","9.88","9.90","0.0100","2353"
"00901","永豐智能車供應鏈","481797","5330981","11.10","11.16","11.01","11.03","-0.0700","249"
"00902","中信電池及儲能","4149114","55421988","13.24","13.44","13.24","13.27","0.0300","705"
"00903","富邦元宇宙","3727342","33992224","9.13","9.16","9.07","9.07","-0.0100","618"
"00904","新光臺灣半導體30","1097005","10326699","9.47","9.50","9.35","9.36","-0.1100","490"
"00905","FT臺灣Smart","250847","1943364","7.78","7.80","7.70","7.71","-0.0500","282"
"00906","大華元宇宙科技50","12001","105348","8.92","8.92","8.73","8.90","0.0800","13"
"00907","永豐優息存股","1761756","23353736","13.30","13.36","13.21","13.22","0.0000","642"
"00908","富邦入息REITs+","825665","10605680","12.81","12.89","12.80","12.80","0.0000","153"
"00909","國泰數位支付服務","844488","13712389","16.25","16.28","16.16","16.16","-0.0700","176"
"00910","第一金太空衛星","70110","1007198","14.35","14.38","14.34","14.37","0.1200","21"
"00911","兆豐洲際半導體","129050","1736672","13.56","13.56","13.42","13.43","-0.1300","10"
"00912","中信臺灣智慧50","1749556","21373526","12.28","12.32","12.14","12.16","0.0000","336"
"00913","兆豐台灣晶圓製造","150247","1879379","12.61","12.61","12.46","12.49","-0.1300","18"
"00915","凱基優選高股息30","717027","10026156","13.96","14.03","13.93","13.93","0.0100","233"
"00916","國泰全球品牌50","3760350","56574889","15.03","15.09","15.00","15.00","-0.0100","671"
"00917","中信特選金融","1524736","21890168","14.38","14.40","14.33","14.33","0.0800","180"
"01001T","土銀富邦R1","","","","","","","0.0000",""
"01002T","土銀國泰R1","","","","","","","0.0000",""
"01003T","兆豐新光R1","50000","1064800","21.30","21.30","21.10","21.30","0.0000","6"
"01004T","土銀富邦R2","100000","1597000","15.97","15.97","15.97","15.97","-0.0300","1"
"01007T","兆豐國泰R2","19000","352270","18.54","18.87","18.11","18.87","0.0000","6"
"01009T","王道圓滿R1","1000","8700","8.70","8.70","8.70","8.70","0.0000","1"
"01010T","京城樂富R1","27000","271720","10.06","10.08","10.06","10.08","-0.0100","3"
"020000","富邦特選蘋果N","","","","","","","0.0000",""
"020002","元富新中國N","","","","","","","0.0000",""
"020007","凱基臺灣500N","","","","","","","0.0000",""
"020011","統一微波高息20N","","","","","","","0.0000",""
"020012","富邦行動通訊N","","","","","","","0.0000",""
"020015","統一MSCI美低波N","","","","","","","0.0000",""
"020016","統一MSCI美科技N","2000","30720","15.36","15.36","15.36","15.36","0.0000","1"
"020018","統一價值成長30N","1000","12920","12.92","12.92","12.92","12.92","0.0000","1"
"020019","統一特選台灣5GN","5000","51940","10.41","10.41","10.30","10.30","0.0000","2"
"02001L","富邦蘋果正二N","7000","49150","7.03","7.03","6.99","6.99","-0.0100","3"
"02001R","富邦蘋果反一N","10000","34600","3.46","3.46","3.46","3.46","0.0200","1"
"020020","元大台股領航N","26000","148900","5.75","5.75","5.71","5.71","-0.0400","14"
"020022","元大電動車N","185000","930280","5.02","5.04","5.02","5.03","0.0200","40"
"020028","元大特選電動車N","75000","363410","4.83","4.86","4.83","4.84","0.0100","17"
"020029","元大ESG高股息N","156000","622290","4.00","4.02","3.97","3.98","-0.0200","36"
"020030","統一智慧電動車N","13000","44960","3.48","3.48","3.44","3.44","-0.0100","7"
"020031","統一IC設計臺灣N","289000","842350","2.91","2.92","2.89","2.90","0.0100","21"
"020032","元大綠能N","24000","106370","4.46","4.46","4.41","4.41","0.0000","8"
"020034","元大IC設計N","179000","605410","3.40","3.41","3.34","3.34","-0.0200","26"
"1101","台泥","38895385","1235711494","31.45","32.05","31.40","31.60","0.1500","14584"
"1101B","台泥乙特","17181","843021","48.75","49.20","48.60","49.20","-0.0500","11"
"1102","亞泥","7956454","303994481","37.70","38.55","37.65","37.95","0.2500","4384"
"1103","嘉泥","241711","3927691","16.20","16.40","16.10","16.25","-0.1500","151"
"1104","環泥","283615","5672865","20.00","20.10","19.90","19.90","-0.1500","189"
"1108","幸福","141436","1454977","10.20","10.35","10.20","10.30","0.0500","74"
"1109","信大","119630","1888453","15.80","15.85","15.65","15.85","0.0500","94"
"1110","東泥","188000","3213100","16.90","17.30","16.90","17.20","0.0000","71"
"1201","味全","170711","3172026","18.60","18.65","18.40","18.60","0.0000","228"
"1203","味王","4319","141539","32.75","32.80","32.75","32.80","0.7000","18"
"1210","大成","652376","28700514","44.10","44.20","43.75","43.85","-0.2500","1009"
"1213","大飲","4005","27584","6.88","6.91","6.88","6.91","-0.0800","4"
"1215","卜蜂","246812","19170038","77.70","78.00","77.40","77.80","0.1000","405"
"1216","統一","6629063","432951529","65.40","65.70","65.10","65.30","0.0000","3219"
"1217","愛之味","413088","3760718","9.17","9.19","9.04","9.06","-0.1100","287"
"1218","泰山","667943","24447891","36.70","37.10","36.25","36.45","-0.3000","452"
"1219","福壽","706393","13482128","19.20","19.30","18.95","19.00","-0.1500","266"
"1220","台榮","67418","924232","13.70","13.80","13.65","13.70","0.0000","64"
"1225","福懋油","79198","4178608","52.50","53.00","52.10","52.60","-0.5000","43"
"1227","佳格","410150","15732186","38.15","38.50","38.15","38.30","0.1500","349"
"1229","聯華","938587","45228365","48.10","48.90","47.70","47.95","-0.0500","1141"
"1231","聯華食","109732","7332103","66.70","67.50","66.20","66.50","-0.2000","295"
"1232","大統益","42927","6381686","149.50","149.50","148.00","148.00","-1.5000","282"
"1233","天仁","7000","226200","32.35","32.35","32.20","32.20","-0.1000","7"
"1234","黑松","163791","5397110","32.95","33.20","32.75","32.90","-0.1000","155"
"1235","興泰","59102","3777268","63.80","64.50","62.40","64.30","0.6000","29"
"1236","宏亞","106278","1982442","18.70","19.30","18.35","18.35","-0.3500","93"
"1256","鮮活果汁-KY","14039","3089343","221.50","222.00","218.00","218.00","-4.0000","217"
"1301","台塑","11694570","943429599","80.70","81.30","80.20","80.20","-0.7000","4888"
"1303","南亞","8324788","552961605","66.00","67.00","65.80","66.10","-0.7000","5798"
"1304","台聚","3478656","73835902","21.30","21.65","20.80","21.05","0.0500","2336"
"1305","華夏","597769","11979211","19.70","20.25","19.70","19.85","-0.1000","453"
"1307","三芳","87086","1748074","19.95","20.15","19.95","20.15","0.0500","45"
"1308","亞聚","1220705","29874516","24.55","24.70","24.20","24.55","0.0500","606"
"1309","台達化","439252","8557476","19.50","19.70","19.20","19.35","-0.1500","357"
"1310","台苯","413317","5263567","12.75","12.85","12.60","12.75","0.0000","349"
"1312","國喬","1846340","32292234","17.45","17.70","17.25","17.35","-0.1000","893"
"1312A","國喬特","1000","27700","27.70","27.70","27.70","27.70","0.7000","1"
"1313","聯成","1250849","15390107","12.25","12.45","12.10","12.20","-0.0500","616"
"1314","中石化","7881583","73145293","9.32","9.40","9.18","9.19","-0.0900","2550"
"1315","達新","24099","1589558","66.30","66.30","65.50","66.20","-0.1000","30"
"1316","上曜","1381884","16173946","11.70","11.95","11.55","11.60","-0.1000","743"
"1319","東陽","2961596","141959110","48.10","48.50","47.50","47.60","-0.6000","2130"
"1321","大洋","106220","3612698","34.15","34.20","33.55","33.55","-0.6500","103"
"1323","永裕","61000","2016350","33.10","33.20","32.90","33.20","0.1500","25"
"1324","地球","30612","321162","10.40","10.55","10.40","10.50","0.1500","39"
"1325","恆大","121301","2710700","22.15","22.75","22.10","22.20","-0.1000","90"
"1326","台化","3586309","244075566","67.80","68.50","67.20","68.10","0.0000","2226"
"1337","再生-KY","1220254","9212967","7.72","7.80","7.45","7.48","-0.2400","848"
"1338","廣華-KY","127564","6245675","49.50","49.50","48.60","48.65","-0.6000","197"
"1339","昭輝","142635","5207517","36.80","36.90","36.15","36.15","-0.6000","129"
"1340","勝悅-KY","40734","404670","10.00","10.00","9.90","9.95","-0.0500","120"
"1341","富林-KY","10002","661128","66.20","66.20","66.00","66.00","-0.3000","6"
"1342","八貫","7116493","640381216","85.00","93.40","84.10","92.80","7.5000","5773"
"1402","遠東新","8799155","272550840","30.65","31.15","30.50","31.00","0.1500","2943"
"1409","新纖","1337961","21369792","16.00","16.10","15.85","15.90","-0.1000","889"
"1410","南染","372139","14846126","39.75","40.25","39.50","39.85","0.3500","310"
"1413","宏洲","396101","3965084","10.15","10.25","9.97","10.00","-0.2500","91"
"1414","東和","106371","1819924","16.90","17.25","16.85","17.15","0.0000","89"
"1416","廣豐","116390","1184513","10.35","10.35","10.10","10.15","-0.1000","220"
"1417","嘉裕","170655","1801320","10.60","10.65","10.45","10.55","0.0000","100"
"1418","東華","23044","320953","13.85","14.00","13.85","14.00","-0.2000","11"
"1419","新紡","48097","1870207","38.75","39.20","38.60","39.10","-0.1000","49"
"1423","利華","34208","657430","19.30","19.30","19.15","19.30","-0.1000","20"
"1432","大魯閣","130525","1506991","11.55","11.60","11.45","11.55","0.1000","113"
"1434","福懋","759304","19750062","25.95","26.15","25.90","25.90","-0.1000","601"
"1436","華友聯","68128","3740278","55.10","55.40","54.50","55.00","-0.6000","61"
"1437","勤益控","55285","1346820","24.35","24.40","24.30","24.35","0.1000","30"
"1438","三地開發","18029","543817","30.30","30.60","29.65","29.85","-0.1000","19"
"1439","雋揚","18000","353700","19.60","19.95","19.50","19.60","-0.2000","14"
"1440","南紡","995735","16397894","16.45","16.60","16.30","16.40","-0.0500","526"
"1441","大東","47222","373263","7.90","7.99","7.80","7.92","0.0400","80"
"1442","名軒","1063578","30994497","29.15","29.45","28.75","29.40","0.2500","482"
"1443","立益物流","36003","716059","19.80","20.15","19.75","19.75","-0.1000","31"
"1444","力麗","1803269","18568317","10.35","10.45","10.20","10.20","-0.2000","559"
"1445","大宇","50000","807300","16.15","16.15","16.10","16.15","0.0500","16"
"1446","宏和","74187","2122936","28.65","28.90","28.40","28.40","-0.1500","58"
"1447","力鵬","963951","7563618","7.90","7.96","7.79","7.80","-0.1000","294"
"1449","佳和","3001515","43012067","14.45","14.70","14.10","14.25","0.0500","1570"
"1451","年興","517650","11149892","21.75","21.75","21.30","21.45","-0.0500","232"
"1452","宏益","26598","452094","17.05","17.15","16.90","16.90","-0.1500","34"
"1453","大將","490568","7161384","14.60","14.90","14.30","14.50","-0.2000","368"
"1454","台富","56080","711300","12.25","12.95","12.25","12.60","0.0500","36"
"1455","集盛","617032","5960512","9.60","9.78","9.56","9.61","0.0100","438"
"1456","怡華","78000","1248850","15.85","16.25","15.85","16.20","0.4000","44"
"1457","宜進","742545","13861486","18.60","18.75","18.50","18.50","0.0000","284"
"1459","聯發","56399","461076","8.18","8.19","8.12","8.17","-0.0700","97"
"1460","宏遠","320650","2475867","7.72","7.78","7.65","7.68","-0.0200","158"
"1463","強盛","26000","361350","14.00","14.00","13.85","13.90","0.0000","17"
"1464","得力","208714","2892166","13.90","14.00","13.75","13.80","-0.1000","200"
"1465","偉全","87423","1144704","13.15","13.15","13.00","13.15","0.0500","36"
"1466","聚隆","16004","175596","11.05","11.05","10.85","11.05","0.0000","15"
"1467","南緯","2293910","26824396","11.65","11.80","11.60","11.80","0.0500","269"
"1468","昶和","40000","490700","12.30","12.35","12.20","12.35","0.0500","39"
"1470","大統新創","22001","387167","17.60","17.60","17.55","17.60","0.0000","10"
"1471","首利","422892","3051099","7.16","7.35","7.03","7.03","-0.1700","197"
"1472","三洋實業","2774","54430","19.15","19.80","19.15","19.80","0.0000","3"
"1473","台南","107864","1980052","18.40","18.55","18.25","18.35","0.0000","77"
"1474","弘裕","37104","401356","10.90","10.90","10.75","10.75","-0.0500","45"
"1475","業旺","50000","2523200","51.00","51.40","50.10","50.30","-0.8000","31"
"1476","儒鴻","1532645","643023220","409.00","423.50","405.00","419.00","12.0000","1599"
"1477","聚陽","2928497","594726155","197.50","206.00","197.50","201.50","5.0000","3479"
"1503","士電","310555","16709492","53.40","54.30","53.40","54.00","0.1000","273"
"1504","東元","1614410","44225140","27.45","27.60","27.20","27.20","-0.4000","995"
"1506","正道","218005","3449630","16.00","16.00","15.75","16.00","0.0000","92"
"1512","瑞利","463148","1861722","3.76","4.13","3.76","4.00","0.2400","148"
"1513","中興電","5352826","293949211","54.80","55.60","54.20","54.20","-0.2000","2861"
"1514","亞力","636167","16737758","26.50","26.60","26.00","26.10","-0.2000","495"
"1515","力山","290377","8493397","29.20","29.55","29.05","29.10","-0.1000","225"
"1516","川飛","204258","4681773","23.60","23.65","22.50","22.50","-0.8500","193"
"1517","利奇","1469011","33140722","22.65","22.90","22.25","22.25","-0.2500","748"
"1519","華城","1687007","68935834","41.60","41.60","40.45","40.65","-0.3500","1287"
"1521","大億","1074","36967","34.40","34.40","34.40","34.40","-0.1500","3"
"1522","堤維西","2169437","57081398","26.40","26.70","26.05","26.05","-0.4000","1053"
"1522A","堤維西甲特","","","","","","","0.0000",""
"1524","耿鼎","4117272","93623282","22.95","23.15","22.25","22.25","-0.6000","2216"
"1525","江申","20116","1091217","54.80","54.80","53.70","54.00","-0.4000","13"
"1526","日馳","391215","19479241","50.30","50.80","49.00","49.00","-1.3000","391"
"1527","鑽全","176743","6845125","38.60","38.95","38.25","38.25","-0.3000","136"
"1528","恩德","351748","3184423","9.09","9.20","9.01","9.06","-0.0300","157"
"1529","樂事綠能","1374865","24215245","17.65","18.00","17.45","17.50","-0.2000","625"
"1530","亞崴","24110","748040","31.20","31.20","30.50","30.50","-0.3500","17"
"1531","高林股","38202","504003","13.15","13.25","13.10","13.15","0.0000","95"
"1532","勤美","355840","9973258","28.05","28.25","27.90","28.05","-0.2000","294"
"1533","車王電","191247","9215094","48.10","48.75","47.70","47.75","-0.1000","180"
"1535","中宇","58000","2345250","40.30","40.45","40.30","40.45","0.0000","25"
"1536","和大","3941345","296720514","76.30","76.80","74.30","74.60","-2.3000","2869"
"1537","廣隆","112438","15220782","135.50","136.00","135.00","136.00","0.0000","147"
"1538","正峰","1","6","","","","","0.0000","1"
"1539","巨庭","1514438","42291137","27.90","28.70","27.20","27.20","-0.5500","969"
"1540","喬福","58008","861022","14.85","14.90","14.80","14.85","0.0000","42"
"1541","錩泰","7000","214750","30.70","30.90","30.60","30.90","0.2000","7"
"1558","伸興","57861","6565659","113.50","114.00","113.00","114.00","0.5000","106"
"1560","中砂","3084754","326987616","104.00","108.00","104.00","104.50","-0.5000","2282"
"1568","倉佑","221033","5177915","23.50","23.75","23.10","23.10","-0.2500","139"
"1582","信錦","86202","5210574","61.00","61.00","60.00","60.20","-0.3000","80"
"1583","程泰","71009","4400449","64.70","64.70","60.30","60.50","-2.7000","49"
"1587","吉茂","63341","1317443","20.95","21.00","20.65","20.65","-0.3000","56"
"1589","永冠-KY","724156","39384236","54.10","55.40","53.60","53.90","-0.7000","1002"
"1590","亞德客-KY","432264","314011167","716.00","736.00","716.00","731.00","7.0000","422"
"1597","直得","41007","2854901","70.30","70.30","69.10","69.90","-0.2000","91"
"1598","岱宇","63155","2363139","37.25","37.70","37.25","37.35","0.1000","57"
"1603","華電","252165","6469267","26.20","26.20","25.20","25.20","-0.6500","152"
"1604","聲寶","452663","11485960","25.35","25.85","25.10","25.60","-0.1000","435"
"1605","華新","23278334","833291533","35.60","36.35","35.40","35.50","-0.0500","11035"
"1608","華榮","424626","5183835","12.10","12.35","12.00","12.20","0.0500","249"
"1609","大亞","2036972","33804765","16.70","16.80","16.40","16.40","-0.1000","990"
"1611","中電","1112044","15955254","14.40","14.60","14.10","14.10","-0.2000","632"
"1612","宏泰","348828","4922279","14.10","14.25","13.95","14.00","-0.1000","237"
"1614","三洋電","277807","9523374","33.80","34.60","33.80","34.50","0.2500","36"
"1615","大山","20013","559859","28.35","28.35","27.70","27.95","0.0500","19"
"1616","億泰","80000","577290","7.20","7.24","7.12","7.23","0.0100","48"
"1617","榮星","12000","178200","15.00","15.00","14.75","14.80","-0.1000","10"
"1618","合機","259010","3419740","13.15","13.35","13.10","13.20","0.1000","121"
"1626","艾美特-KY","93339","1519445","16.55","16.55","16.15","16.20","0.1000","89"
"1701","中化","123277","2589923","20.95","21.15","20.85","20.90","-0.2000","104"
"1702","南僑","103444","4460390","43.40","43.45","42.90","42.90","-0.5000","152"
"1707","葡萄王","137005","17618987","128.50","129.00","127.50","127.50","-2.0000","183"
"1708","東鹼","3831074","151867531","39.65","40.30","39.20","39.50","0.2500","1986"
"1709","和益","648988","13420599","20.90","21.00","20.50","20.50","-0.3500","443"
"1710","東聯","1255043","21606772","17.25","17.55","17.00","17.00","-0.2500","573"
"1711","永光","536207","9242228","17.25","17.40","17.10","17.15","0.0500","385"
"1712","興農","2305430","81971677","35.20","36.00","35.00","35.90","0.7000","1540"
"1713","國化","79001","1897474","24.05","24.05","23.95","24.05","0.0500","25"
"1714","和桐","1621441","13477034","8.37","8.37","8.26","8.27","-0.0600","708"
"1717","長興","887190","27226146","30.80","31.00","30.50","30.55","-0.3000","884"
"1718","中纖","1827326","14394857","7.89","7.99","7.80","7.82","-0.0600","837"
"1720","生達","318855","14300528","45.15","45.25","44.50","44.80","-0.3500","326"
"1721","三晃","734667","9806270","13.35","13.55","13.20","13.30","0.0500","447"
"1722","台肥","1365792","70948193","52.20","52.50","51.50","51.50","-0.4000","736"
"1723","中碳","237383","24602511","103.50","104.50","103.00","103.50","0.0000","277"
"1725","元禎","72000","1394800","19.40","19.70","19.10","19.25","-0.1500","61"
"1726","永記","5049","352734","69.70","69.90","69.70","69.90","0.3000","7"
"1727","中華化","286465","6919159","24.30","24.95","23.65","23.65","-0.6500","205"
"1730","花仙子","4616","246025","53.20","53.20","53.20","53.20","0.0000","23"
"1731","美吾華","543222","9759350","17.80","18.30","17.75","17.95","0.2500","288"
"1732","毛寶","328080","8923640","27.40","27.50","26.95","27.00","-0.0500","210"
"1733","五鼎","180182","4351312","24.15","24.55","24.00","24.00","-0.3000","137"
"1734","杏輝","336925","9462639","28.20","28.50","27.85","27.85","-0.2500","248"
"1735","日勝化","2896","41735","14.50","14.50","14.25","14.25","-0.3500","14"
"1736","喬山","2750412","214274211","77.30","79.60","76.50","77.30","0.0000","2220"
"1737","臺鹽","85279","2602689","30.30","30.70","30.30","30.45","0.1500","111"
"1752","南光","253250","8453296","34.10","34.10","33.20","33.30","-0.5000","154"
"1760","寶齡富錦","8881927","1280179246","147.00","148.00","142.00","142.50","-3.0000","5844"
"1762","中化生","133141","7058833","53.30","53.60","52.60","53.10","-0.3000","105"
"1773","勝一","229406","23677643","104.00","104.50","102.00","103.00","-0.5000","237"
"1776","展宇","17121","298690","17.40","17.50","17.30","17.40","0.1000","18"
"1783","和康生","168219","6070165","36.35","36.60","35.55","36.00","-0.3500","159"
"1786","科妍","39918","1751507","43.95","44.55","43.20","43.60","-0.3000","102"
"1789","神隆","1093960","25924767","24.05","24.20","23.35","23.35","-0.6500","555"
"1795","美時","10720313","1643419673","152.00","155.50","151.50","153.00","0.0000","6896"
"1802","台玻","15133526","295132997","19.40","19.85","19.20","19.30","0.0500","7160"
"1805","寶徠","24108","270468","11.45","11.50","10.65","11.45","-0.1000","14"
"1806","冠軍","273141","2323176","8.40","8.60","8.40","8.48","0.0800","136"
"1808","潤隆","323392","19411006","59.80","60.40","59.60","60.10","0.6000","310"
"1809","中釉","398909","4896811","12.20","12.50","12.10","12.30","0.0000","195"
"1817","凱撒衛","11316","396341","35.00","35.25","34.90","34.90","0.2500","14"
"1903","士紙","56004","2776197","49.45","50.30","48.90","49.90","0.4000","45"
"1904","正隆","470232","12197445","26.05","26.15","25.80","25.80","-0.2500","528"
"1905","華紙","661514","10841781","16.45","16.55","16.20","16.20","-0.2000","423"
"1906","寶隆","1130407","17864279","15.80","15.90","15.60","15.70","0.1500","157"
"1907","永豐餘","1397719","34394012","25.00","25.00","24.40","24.55","-0.4500","1024"
"1909","榮成","1338260","20485332","15.50","15.50","15.15","15.20","-0.2500","778"
"2002","中鋼","35416577","974330757","27.20","27.75","27.10","27.45","0.2500","13329"
"2002A","中鋼特","15940","718690","45.20","45.20","45.00","45.10","0.0500","20"
"2006","東和鋼鐵","3208891","174356199","52.70","54.90","52.70","54.60","1.9000","1925"
"2007","燁興","633437","5969685","9.36","9.53","9.30","9.35","-0.0100","343"
"2008","高興昌","22252","375244","16.15","17.00","16.15","16.95","0.1000","17"
"2009","第一銅","769792","16358239","21.15","21.50","21.00","21.00","-0.1000","424"
"2010","春源","564779","8407874","14.85","15.05","14.70","14.80","-0.0500","378"
"2012","春雨","104142","2321940","22.60","22.60","22.00","22.15","-0.3500","71"
"2013","中鋼構","893128","50871187","56.40","59.00","55.50","57.20","1.0000","785"
"2014","中鴻","12431411","271029749","21.20","22.00","21.20","21.90","0.6500","6393"
"2015","豐興","223660","13205169","59.90","59.90","58.50","58.60","-0.6000","209"
"2017","官田鋼","538984","6593510","12.25","12.40","12.00","12.20","0.0500","297"
"2020","美亞","166933","3883578","23.40","23.60","22.90","23.15","-0.2500","141"
"2022","聚亨","700382","5677575","8.17","8.17","8.07","8.12","0.0000","348"
"2023","燁輝","4570991","65401619","14.30","14.50","14.10","14.40","0.0500","2044"
"2024","志聯","14261","257888","18.65","18.65","18.00","18.05","0.0000","21"
"2025","千興","84851","340063","4.02","4.08","4.00","4.00","0.0100","24"
"2027","大成鋼","7535334","290079778","39.00","39.00","38.10","38.15","-0.7500","4644"
"2028","威致","412826","9678582","23.05","23.75","23.05","23.45","0.4000","290"
"2029","盛餘","248242","5593845","22.50","22.65","22.40","22.55","0.2500","207"
"2030","彰源","853187","19261110","22.50","22.80","22.40","22.45","0.0500","399"
"2031","新光鋼","1033415","36568290","35.20","35.75","35.00","35.20","0.0500","797"
"2032","新鋼","175002","2931132","16.55","16.95","16.55","16.70","0.0500","123"
"2033","佳大","131000","1628450","12.50","12.60","12.30","12.30","0.0000","93"
"2034","允強","2196942","56881744","26.20","26.30","25.70","25.90","-0.2000","791"
"2038","海光","683324","12376017","18.15","18.25","17.85","18.10","0.1000","363"
"2049","上銀","2102691","351958363","164.50","169.50","164.00","166.50","0.0000","1894"
"2059","川湖","322038","139944564","436.50","440.00","431.50","433.00","0.0000","331"
"2062","橋椿","282242","5931105","20.75","21.25","20.75","20.85","0.1500","179"
"2069","運錩","246304","4912740","20.10","20.20","19.75","19.75","-0.0500","152"
"2101","南港","504029","17155569","33.85","34.45","33.80","33.95","-0.2000","404"
"2102","泰豐","533065","10058455","19.05","19.20","18.60","18.75","-0.2500","292"
"2103","台橡","1061512","28715300","26.85","27.40","26.70","26.75","-0.1000","796"
"2104","國際中橡","1547408","29646817","19.25","19.35","19.00","19.00","-0.2500","548"
"2105","正新","3157968","106613541","34.00","34.20","33.50","33.50","-0.4500","2104"
"2106","建大","521357","16059719","30.55","31.05","30.55","30.80","0.1000","359"
"2107","厚生","105752","2102285","19.90","19.95","19.80","19.80","-0.1500","127"
"2108","南帝","457563","16086615","35.00","35.65","34.75","34.95","-0.1000","499"
"2109","華豐","43301","608941","14.15","14.15","14.00","14.10","0.0000","47"
"2114","鑫永銓","30947","3081511","98.90","101.00","98.10","99.80","0.8000","95"
"2115","六暉-KY","22465","684195","30.50","30.50","30.35","30.35","0.0500","26"
"2201","裕隆","9182213","396958595","42.90","43.70","42.55","43.00","0.2000","4702"
"2204","中華","581179","23795032","41.25","41.30","40.80","40.85","-0.3500","410"
"2206","三陽工業","1521629","55418116","36.20","36.80","36.20","36.25","0.0000","1112"
"2207","和泰車","180940","103953536","563.00","579.00","563.00","577.00","9.0000","255"
"2208","台船","786806","11847622","15.00","15.20","14.90","15.00","0.0000","450"
"2211","長榮鋼","99795","4814443","47.55","48.60","47.55","48.15","0.2500","145"
"2227","裕日車","30486","5717627","187.50","191.00","186.50","187.50","-1.0000","68"
"2228","劍麟","273060","19916044","72.40","73.70","72.10","73.10","1.2000","202"
"2231","為升","1663121","235178372","143.50","147.00","138.00","139.50","-2.5000","1662"
"2233","宇隆","101159","9266233","92.60","92.70","90.60","90.60","-2.2000","142"
"2236","百達-KY","5000","103500","20.65","20.75","20.65","20.75","0.0000","3"
"2239","英利-KY","116225","7795975","68.50","68.50","66.00","68.10","0.6000","126"
"2241","艾姆勒","7000","209350","30.20","30.20","29.80","29.95","0.1500","7"
"2243","宏旭-KY","50006","614723","12.40","12.60","12.25","12.30","0.0500","35"
"2247","汎德永業","51243","10271098","201.00","202.50","199.50","200.50","-2.0000","122"
"2250","IKKA-KY","34171","2378474","70.10","70.30","69.00","69.60","-0.1000","41"
"2301","光寶科","13982689","909840754","62.60","66.00","62.40","65.00","2.3000","7137"
"2302","麗正","324587","4916805","15.20","15.30","14.95","15.00","-0.1000","190"
"2303","聯電","70803827","2723117976","38.30","38.90","38.00","38.20","-0.0500","25370"
"2305","全友","13131843","390816309","28.95","30.45","28.85","28.90","-0.1000","6840"
"2308","台達電","4380952","1179418860","272.00","273.00","267.00","268.00","-4.5000","6267"
"2312","金寶","17307720","242393904","14.30","14.30","13.80","13.80","-0.4000","5501"
"2313","華通","13039555","583539614","45.65","45.65","44.00","44.15","-1.2000","6558"
"2314","台揚","945484","34873239","36.65","37.40","36.30","36.40","-0.0500","697"
"2316","楠梓電","167073","3820793","23.05","23.10","22.65","22.90","0.1500","117"
"2317","鴻海","54152038","5612465128","104.00","105.00","103.00","103.00","-0.5000","15893"
"2321","東訊","2988","14257","5.08","5.08","5.08","5.08","0.0000","10"
"2324","仁寶","20092230","425219916","21.10","21.40","21.00","21.05","-0.1000","4637"
"2327","國巨","3941850","1071435591","278.50","279.50","268.00","268.00","-10.5000","14930"
"2328","廣宇","2228728","72758731","33.05","33.40","32.25","32.25","-0.8500","1520"
"2329","華泰","973265","15482644","15.90","16.10","15.75","15.75","-0.1500","483"
"2330","台積電","48655069","19398261013","404.00","405.00","395.50","395.50","-11.5000","68211"
"2331","精英","3103881","65653031","21.40","21.60","20.80","20.95","-0.3500","1580"
"2332","友訊","986246","14844111","15.10","15.20","14.95","15.00","-0.1000","662"
"2337","旺宏","11611273","375414103","32.90","33.00","32.00","32.00","-0.9500","6606"
"2338","光罩","4702570","262106689","55.40","56.70","54.90","55.40","0.3000","3167"
"2340","台亞","1384280","44980780","32.35","32.85","32.10","32.25","-0.1000","1001"
"2342","茂矽","5942753","203520301","33.95","34.95","33.45","34.50","1.1000","3348"
"2344","華邦電","17139395","350364156","20.65","20.75","20.25","20.25","-0.5500","7056"
"2345","智邦","2658235","648561721","247.00","248.50","241.50","241.50","-7.5000","2568"
"2347","聯強","4185249","228086403","53.50","55.00","53.50","54.40","0.6000","1905"
"2348","海悅","110365","6986618","65.80","65.80","62.90","63.40","-0.6000","154"
"2348A","海悅甲特","7000","251400","35.80","36.00","35.70","35.70","0.0000","7"
"2349","錸德","549317","3905560","7.14","7.19","7.06","7.06","-0.0700","303"
"2351","順德","624476","64202149","103.00","104.50","102.00","102.00","-1.0000","496"
"2352","佳世達","5228587","140265652","27.00","27.10","26.65","26.70","-0.4500","3392"
"2353","宏碁","11039031","245361944","22.35","22.40","22.00","22.10","-0.3500","6334"
"2354","鴻準","2012156","93420970","46.80","47.00","46.00","46.00","-0.3000","1526"
"2355","敬鵬","381345","10573634","27.85","28.15","27.40","27.45","-0.5000","329"
"2356","英業達","10767551","244079661","22.50","22.85","22.30","22.65","-0.1000","4115"
"2357","華碩","3207142","764522214","235.50","240.00","234.00","239.00","2.5000","3033"
"2358","廷鑫","2842351","41246853","14.60","14.85","14.25","14.25","-0.3000","1260"
"2359","所羅門","1535695","36811250","24.30","24.40","23.50","23.50","-0.4000","843"
"2360","致茂","1066501","190939907","176.00","180.50","176.00","178.00","2.0000","1139"
"2362","藍天","112680","3503006","31.20","31.50","30.75","30.90","-0.3000","91"
"2363","矽統","1314463","20657313","15.70","15.95","15.55","15.55","-0.2000","731"
"2364","倫飛","196313","14239292","75.30","75.30","71.60","72.10","-4.9000","198"
"2365","昆盈","202053","1973620","9.76","9.91","9.62","9.68","-0.0600","116"
"2367","燿華","8546522","156930017","18.40","18.75","18.10","18.10","-0.2500","2932"
"2368","金像電","12457273","1050608645","83.90","85.80","83.00","83.00","0.0000","8603"
"2369","菱生","597671","7655988","12.85","13.00","12.65","12.65","-0.2000","393"
"2371","大同","5363612","170170327","31.80","31.85","31.55","31.75","0.0000","1130"
"2373","震旦行","57286","4548699","79.20","80.00","79.10","79.60","0.0000","78"
"2374","佳能","381886","7877945","20.75","20.85","20.45","20.45","-0.1500","335"
"2375","凱美","187113","9620796","51.90","52.20","50.70","50.80","-0.9000","202"
"2376","技嘉","21260504","1928784070","88.60","91.90","88.60","91.60","2.3000","15846"
"2377","微星","4650072","510648711","107.50","111.50","107.50","110.00","2.0000","2732"
"2379","瑞昱","2855117","723807970","250.00","257.50","250.00","251.50","-0.5000","2834"
"2380","虹光","425369","5052529","11.55","12.20","11.55","11.90","0.2000","223"
"2382","廣達","8402703","596114104","70.60","71.50","70.10","70.60","-0.1000","3788"
"2383","台光電","1432309","205857920","143.50","146.50","142.00","142.00","-1.5000","1512"
"2385","群光","2374195","190274157","79.90","81.20","79.60","79.60","-0.2000","1517"
"2387","精元","652222","23833130","36.90","37.20","35.90","36.10","-0.2000","377"
"2388","威盛","25109260","1646932875","65.70","67.60","64.00","64.00","-1.0000","13307"
"2390","云辰","616848","7444731","12.00","12.20","11.90","11.95","-0.1000","413"
"2392","正崴","1274882","45846282","36.25","36.65","35.55","35.70","-0.5500","1355"
"2393","億光","975813","34637753","35.45","35.90","35.10","35.10","-0.3000","776"
"2395","研華","968854","289234205","300.00","302.00","296.00","297.50","-4.0000","1655"
"2397","友通","5007","286900","57.10","57.70","57.00","57.60","0.0000","9"
"2399","映泰","9032766","115548806","11.95","13.00","11.95","13.00","1.1500","3818"
"2401","凌陽","1821516","41075533","22.70","22.95","22.25","22.40","-0.2500","1409"
"2402","毅嘉","4438153","78559557","17.75","18.20","17.35","17.45","-0.2500","1819"
"2404","漢唐","535424","78304319","146.00","148.50","144.50","145.00","1.0000","517"
"2405","輔信","1260826","15015554","11.95","12.15","11.75","11.80","-0.1500","547"
"2406","國碩","1521306","26544036","17.30","17.60","17.25","17.25","0.1500","842"
"2408","南亞科","20069987","1086101317","54.70","55.30","53.50","53.80","-2.0000","12802"
"2409","友達","62722254","1129109104","18.00","18.25","17.65","18.15","-0.0500","15772"
"2412","中華電","10398480","1121882741","108.50","109.00","107.00","107.50","-1.0000","9358"
"2413","環科","7942684","205831589","26.40","26.80","25.15","25.20","-1.2000","4288"
"2414","精技","63024","1826008","28.85","29.30","28.70","28.85","-0.2500","57"
"2415","錩新","99944","2176090","21.25","22.00","21.25","21.60","0.0500","112"
"2417","圓剛","264985","5291494","20.00","20.30","19.50","19.75","-0.2500","297"
"2419","仲琦","4793323","123326065","25.55","26.20","25.15","25.40","0.0500","2723"
"2420","新巨","103552","3965705","38.50","38.55","38.05","38.30","-0.1000","110"
"2421","建準","1611654","66216253","40.90","42.00","40.30","40.50","0.1000","1433"
"2423","固緯","232149","5980271","25.75","25.90","25.55","25.70","0.1500","159"
"2424","隴華","32390","683064","20.35","20.35","19.30","19.95","0.1500","65"
"2425","承啟","773047","17578471","22.70","22.85","22.60","22.75","0.1000","282"
"2426","鼎元","395403","6382782","15.90","16.35","15.90","15.95","0.0500","285"
"2427","三商電","412359","4461408","10.95","11.00","10.65","10.75","-0.1500","170"
"2428","興勤","337807","39269847","117.00","118.50","115.00","115.00","-2.0000","306"
"2429","銘旺科","28050","280694","10.20","10.25","9.90","10.25","-0.1500","15"
"2430","燦坤","50838","2130111","41.50","42.15","41.50","41.95","-0.3000","346"
"2431","聯昌","170058","1729633","10.20","10.30","10.10","10.10","-0.0500","81"
"2433","互盛電","16200","746760","46.00","46.15","46.00","46.10","0.1000","12"
"2434","統懋","80565","2201685","27.80","28.00","27.00","27.50","-0.3000","31"
"2436","偉詮電","773567","31508668","40.60","41.35","40.20","40.20","-0.2500","562"
"2438","翔耀","11300","155395","14.10","14.10","13.55","13.80","0.1000","13"
"2439","美律","2478326","222230428","89.60","91.10","88.10","88.50","-1.0000","3080"
"2440","太空梭","144691","1722873","11.85","12.20","11.80","11.85","0.0000","71"
"2441","超豐","1857903","87810083","46.70","47.65","46.50","47.05","0.7500","1413"
"2442","新美齊","284233","3478297","12.25","12.35","12.15","12.25","0.0000","138"
"2443","昶虹","135001","331622","2.44","2.52","2.44","2.52","0.0800","24"
"2444","兆勁","134458","1527464","11.35","11.50","11.25","11.25","-0.1500","75"
"2449","京元電子","5592622","175417777","31.50","31.80","31.00","31.00","-0.5000","2998"
"2450","神腦","47609","1426584","30.00","30.00","29.90","29.95","0.1500","35"
"2451","創見","376430","25051261","66.80","67.20","66.00","66.00","-0.5000","379"
"2453","凌群","12215","294561","24.20","24.20","23.90","24.10","0.2000","16"
"2454","聯發科","5894955","3439414613","585.00","591.00","577.00","577.00","-11.0000","6208"
"2455","全新","1424644","84046105","58.90","60.20","58.00","58.20","-0.3000","1208"
"2457","飛宏","4014956","145821518","35.80","36.75","35.70","36.10","0.7000","2692"
"2458","義隆","2594284","214883202","82.60","84.20","81.90","82.30","-0.3000","2550"
"2459","敦吉","37007","1885858","51.20","51.20","50.80","51.00","-0.1000","27"
"2460","建通","85351","1118899","13.20","13.30","12.95","13.05","-0.0500","133"
"2461","光群雷","110032","1954464","17.85","17.95","17.65","17.70","0.0500","80"
"2462","良得電","131556","3160451","24.30","24.30","23.80","24.25","0.1000","107"
"2464","盟立","145697","5290505","36.60","36.65","36.00","36.25","-0.3500","159"
"2465","麗臺","4328332","127609077","26.85","30.00","26.85","30.00","2.7000","2796"
"2466","冠西電","79000","2545800","32.20","32.50","32.05","32.50","0.2500","57"
"2467","志聖","95811","4152003","42.65","43.55","42.65","43.45","0.1500","88"
"2468","華經","6276755","136306258","20.80","22.20","20.80","22.20","2.0000","2615"
"2471","資通","12230","310898","25.30","25.50","25.30","25.40","0.1000","19"
"2472","立隆電","162077","7692307","47.15","47.75","47.15","47.35","0.2000","120"
"2474","可成","3161388","541386585","172.00","172.50","170.50","170.50","-0.5000","1465"
"2476","鉅祥","909147","39999992","44.10","44.75","43.35","43.70","-0.4000","610"
"2477","美隆電","336509","5882309","18.00","18.00","17.15","17.45","-0.4500","218"
"2478","大毅","89270","3639785","40.40","41.15","40.40","40.80","-0.0500","130"
"2480","敦陽科","156675","12223020","78.60","78.70","77.80","77.90","-0.7000","225"
"2481","強茂","3412220","183057019","53.60","54.50","53.00","53.20","-0.4000","2231"
"2482","連宇","1318410","28485360","21.50","22.05","21.15","21.50","0.0000","688"
"2483","百容","501036","11953890","23.90","24.15","23.55","23.70","-0.0500","284"
"2484","希華","928971","28738041","31.15","31.40","30.70","30.70","-0.2500","516"
"2485","兆赫","658526","11090734","17.00","17.25","16.55","16.70","-0.2000","543"
"2486","一詮","715901","12303332","17.15","17.50","16.95","17.00","0.0000","467"
"2488","漢平","67612","1896702","28.05","28.20","27.80","28.05","0.1000","52"
"2489","瑞軒","1129749","10515648","9.31","9.40","9.25","9.28","0.0000","670"
"2491","吉祥全","23465","281401","11.90","12.25","11.80","11.80","-0.1500","22"
"2492","華新科","2399736","188118312","78.80","79.90","77.60","78.00","-1.0000","3112"
"2493","揚博","71264","2858528","39.95","40.25","39.95","40.25","0.0000","71"
"2495","普安","4031479","69056350","16.80","17.50","16.60","17.00","0.2000","1938"
"2496","卓越","10116","461217","45.60","46.15","45.50","45.50","-0.1000","22"
"2497","怡利電","3331065","227413124","69.00","70.00","66.90","66.90","-2.1000","2287"
"2498","宏達電","21399524","1120626830","52.40","53.50","51.70","51.70","-0.3000","10540"
"2501","國建","543805","8293660","15.30","15.45","15.15","15.20","-0.1500","407"
"2504","國產","2375612","52920006","22.30","22.50","22.10","22.10","-0.2000","979"
"2505","國揚","120714","2192533","18.15","18.30","17.90","18.20","0.1000","91"
"2506","太設","378147","3381424","8.89","9.00","8.84","8.93","0.0200","86"
"2509","全坤建","16792","240908","14.35","14.35","14.30","14.35","0.0000","68"
"2511","太子","668871","7158625","10.85","10.90","10.50","10.65","-0.2500","279"
"2514","龍邦","86148","1442119","16.55","16.80","16.55","16.75","0.0500","34"
"2515","中工","2932248","22874531","7.85","7.86","7.73","7.76","-0.0900","1178"
"2516","新建","108197","545975","5.08","5.08","5.00","5.00","-0.0500","63"
"2520","冠德","567349","13718793","24.35","24.50","23.90","24.05","-0.3000","495"
"2524","京城","9633","317080","33.25","33.25","32.70","33.00","-0.2500","10"
"2527","宏璟","146565","3005780","20.60","20.65","20.35","20.55","0.1000","105"
"2528","皇普","97158","1840569","19.00","19.00","18.80","19.00","0.0000","39"
"2530","華建","1995394","37046494","18.70","18.85","18.30","18.60","-0.1000","714"
"2534","宏盛","1004977","24792873","24.50","24.85","24.50","24.55","-0.1500","529"
"2535","達欣工","456566","13780683","29.95","30.45","29.90","30.45","0.5000","324"
"2536","宏普","162000","3605800","22.20","22.30","22.20","22.25","-0.0500","74"
"2537","聯上發","863170","6121092","7.04","7.15","7.02","7.05","0.0100","361"
"2538","基泰","378062","4735672","12.50","12.60","12.45","12.50","0.0000","124"
"2539","櫻花建","346394","11075036","31.90","32.05","31.85","32.00","0.0500","246"
"2540","愛山林","277045","26645108","95.00","97.50","95.00","95.60","0.6000","146"
"2542","興富發","4531588","182020252","39.65","40.50","39.65","40.20","0.6000","3035"
"2543","皇昌","90000","750790","8.31","8.40","8.31","8.40","0.0700","50"
"2545","皇翔","197266","7804045","39.30","39.85","39.30","39.65","0.3500","217"
"2546","根基","56635","2658335","47.15","47.20","46.50","46.95","-0.2000","82"
"2547","日勝生","1130327","10557535","9.37","9.42","9.22","9.25","-0.1100","326"
"2548","華固","502193","43858051","87.00","87.70","86.70","87.70","0.5000","455"
"2597","潤弘","43192","3576372","82.40","83.70","82.10","82.20","-0.1000","45"
"2601","益航","1555305","12731562","8.19","8.25","8.12","8.14","-0.0200","736"
"2603","長榮","47102292","6789975935","142.50","146.50","141.50","144.00","3.0000","24806"
"2605","新興","1703918","31683561","18.55","18.85","18.35","18.35","-0.0500","1074"
"2606","裕民","3108484","110879588","35.90","36.15","35.30","35.30","-0.1000","2057"
"2607","榮運","4989234","136208252","27.00","27.70","26.95","27.15","0.2500","2330"
"2608","嘉里大榮","372853","13372331","35.30","36.25","35.30","35.70","0.3000","343"
"2609","陽明","45574110","2877049679","62.20","63.90","61.90","63.00","1.1000","22565"
"2610","華航","35905620","618526002","17.30","17.50","17.05","17.05","-0.2000","12309"
"2611","志信","363018","4661763","12.60","13.00","12.60","12.65","-0.0500","227"
"2612","中航","273589","9147455","33.50","33.80","33.00","33.20","-0.0500","261"
"2613","中櫃","735058","16038638","21.50","22.20","21.40","21.40","-0.2500","361"
"2614","東森","1181663","23654793","20.05","20.30","19.75","19.95","-0.1000","1004"
"2615","萬海","12202502","829981098","67.60","68.80","66.80","67.90","0.9000","8280"
"2616","山隆","270040","8807219","33.00","33.00","32.30","32.50","-0.4000","304"
"2617","台航","589815","14455082","24.50","24.75","24.25","24.35","0.0000","447"
"2618","長榮航","49285332","1194262761","24.30","24.65","23.90","24.10","-0.2000","15552"
"2630","亞航","46094","739419","16.25","16.25","15.90","16.05","-0.0500","44"
"2633","台灣高鐵","3623803","100384279","28.00","28.05","27.55","27.55","-0.6000","1739"
"2634","漢翔","4834808","150981569","31.40","31.60","31.00","31.15","-0.1500","1896"
"2636","台驊投控","1263733","80110600","62.20","64.10","62.20","63.50","1.5000","1070"
"2637","慧洋-KY","5490641","301762270","55.40","55.60","54.30","54.50","-0.2000","3915"
"2642","宅配通","96610","4038767","41.85","42.45","41.20","41.20","-0.7000","164"
"2701","萬企","171133","2034913","11.75","11.95","11.75","11.80","0.0500","71"
"2702","華園","352921","6925611","19.65","19.85","19.50","19.60","-0.0500","217"
"2704","國賓","106456","3270709","30.80","30.90","30.55","30.60","-0.1500","105"
"2705","六福","203598","3243950","15.85","16.20","15.75","16.00","0.1500","130"
"2706","第一店","149776","2096449","14.00","14.10","13.90","13.95","-0.0500","147"
"2707","晶華","1459221","264597402","186.50","188.00","177.50","179.00","-6.5000","2195"
"2712","遠雄來","2000","67000","33.05","33.95","33.05","33.95","0.2000","2"
"2722","夏都","40109","1244613","31.55","31.55","30.70","30.95","-0.0500","44"
"2723","美食-KY","533909","55173738","103.50","104.50","103.00","103.00","-1.0000","385"
"2727","王品","331849","40862064","123.50","125.00","122.00","122.50","-1.0000","394"
"2731","雄獅","1220726","101061332","83.80","84.40","82.00","82.00","-1.7000","1040"
"2739","寒舍","18009","487042","26.80","27.45","26.80","26.85","0.0000","18"
"2748","雲品","332857","16349009","49.50","50.30","48.10","48.10","-1.9000","377"
"2753","八方雲集","303452","54502006","178.50","183.00","177.00","178.00","-1.0000","662"
"2801","彰銀","7880828","129511071","16.50","16.60","16.30","16.35","-0.2500","2784"
"2809","京城銀","1553698","47619329","30.90","31.25","30.30","30.60","-0.3000","1023"
"2812","台中銀","7076903","88498714","12.65","12.70","12.40","12.40","-0.2500","4866"
"2816","旺旺保","74054","1026106","13.85","13.90","13.85","13.90","-0.0500","35"
"2820","華票","549837","7885683","14.35","14.50","14.20","14.30","-0.1000","434"
"2832","台產","108121","2149596","19.95","19.95","19.80","19.90","-0.0500","84"
"2834","臺企銀","25153093","301858957","12.05","12.20","11.85","11.85","-0.1500","7155"
"2836","高雄銀","420517","5074514","12.10","12.15","12.00","12.05","0.0000","218"
"2836A","高雄銀甲特","16000","351200","21.95","21.95","21.95","21.95","0.0000","4"
"2838","聯邦銀","2259553","33067034","14.80","15.00","14.35","14.45","-0.6000","1522"
"2838A","聯邦銀甲特","78000","3851700","49.40","49.45","49.30","49.35","0.0000","31"
"2845","遠東銀","11392969","117059405","10.20","10.40","10.20","10.20","0.0000","2924"
"2849","安泰銀","183648","2616680","14.35","14.55","13.95","13.95","-0.4500","165"
"2850","新產","400118","17598219","44.50","45.05","43.50","43.50","-1.2500","333"
"2851","中再保","399997","7412661","18.55","18.80","18.35","18.45","-0.2000","342"
"2852","第一保","176567","2436882","13.75","13.90","13.70","13.80","0.0500","90"
"2855","統一證","562832","8249671","14.60","14.80","14.50","14.50","-0.1000","361"
"2867","三商壽","15298602","88847200","5.99","5.99","5.70","5.75","-0.2000","5488"
"2880","華南金","10915772","222772732","20.55","20.70","20.20","20.30","-0.2500","5288"
"2881","富邦金","18432480","930586076","50.50","51.00","50.00","50.40","-0.1000","11744"
"2881A","富邦特","528286","30994791","59.10","59.10","58.50","58.50","-0.1000","135"
"2881B","富邦金乙特","42000","2395200","57.30","57.30","56.90","57.20","0.0000","18"
"2881C","富邦金丙特","19482","1080951","55.60","55.60","55.40","55.40","-0.2000","33"
"2882","國泰金","25732909","983494761","38.15","38.50","37.95","38.30","0.1500","9643"
"2882A","國泰特","95582","5440497","57.10","57.10","56.60","56.80","-0.3000","43"
"2882B","國泰金乙特","14356","818256","57.00","57.10","56.90","57.10","-0.1000","14"
"2883","開發金","27145444","305599030","11.35","11.40","11.20","11.20","-0.1500","8828"
"2883B","開發金乙特","3066894","23569171","7.74","7.74","7.64","7.66","-0.0800","848"
"2884","玉山金","42594430","968494280","23.05","23.05","22.50","22.50","-0.5000","27229"
"2885","元大金","16121029","308519802","19.20","19.35","19.00","19.00","-0.2000","5898"
"2886","兆豐金","19896014","581920481","29.70","29.75","29.00","29.00","-0.7000","15193"
"2887","台新金","28817266","370342319","13.00","13.00","12.70","12.90","-0.2000","13495"
"2887E","台新戊特","232122","11321942","49.00","49.00","48.45","48.60","-0.4000","113"
"2887F","台新戊特二","29053","1355492","46.80","46.80","46.50","46.70","-0.3500","18"
"2887Z1","台新己特","7477","124199","16.60","16.60","16.60","16.60","0.0000","11"
"2888","新光金","23656900","187733857","7.99","7.99","7.90","7.93","-0.0400","8207"
"2888A","新光金甲特","14000","516200","36.90","37.00","36.85","37.00","-0.1500","9"
"2888B","新光金乙特","84360","3087902","36.70","36.70","36.50","36.55","-0.2000","48"
"2889","國票金","2749806","30995887","11.35","11.40","11.15","11.30","-0.1000","1690"
"2890","永豐金","25415889","418255665","16.70","16.75","16.20","16.50","-0.2000","7497"
"2891","中信金","47994198","956343727","20.05","20.20","19.70","19.90","-0.2000","13837"
"2891B","中信金乙特","48089","2847462","59.00","59.30","59.00","59.30","0.1000","27"
"2891C","中信金丙特","7298","433452","59.30","59.50","59.30","59.40","0.0000","14"
"2892","第一金","15600396","373179769","24.05","24.20","23.70","23.75","-0.3000","6965"
"2897","王道銀行","2007842","15932255","7.95","8.01","7.86","7.90","-0.0900","904"
"2897A","王道銀甲特","62240","616270","9.91","9.92","9.90","9.90","0.0000","261"
"2901","欣欣","7185","167018","23.20","23.25","23.20","23.25","0.0500","49"
"2903","遠百","666128","12235924","18.55","18.65","18.20","18.20","-0.4000","388"
"2904","匯僑","55469","979253","17.65","17.75","17.60","17.60","-0.0500","48"
"2905","三商","331312","4708521","14.40","14.40","14.10","14.15","-0.2500","324"
"2906","高林","981123","15321270","15.50","15.90","15.35","15.35","-0.1500","459"
"2908","特力","164001","3299270","20.20","20.35","20.00","20.00","-0.2000","56"
"2910","統領","14000","431750","30.75","31.00","30.75","30.90","0.3000","13"
"2911","麗嬰房","125226","802395","6.44","6.45","6.35","6.37","-0.0700","216"
"2912","統一超","908093","247097176","274.00","274.50","270.50","271.00","-3.0000","1235"
"2913","農林","1320409","27383845","21.00","21.00","20.30","20.30","-0.5500","578"
"2915","潤泰全","11254511","592854438","51.40","53.50","51.20","52.30","0.9000","5903"
"2923","鼎固-KY","126","2829","","","","","0.0000","4"
"2929","淘帝-KY","232490","2362038","10.15","10.30","10.05","10.10","0.0000","123"
"2939","凱羿-KY","22000","675650","30.30","30.95","30.25","30.95","0.1500","13"
"2945","三商家購","18246","658555","35.50","36.60","35.50","36.50","1.0000","33"
"3002","歐格","194200","2222470","11.50","11.55","11.35","11.45","0.0000","117"
"3003","健和興","718882","50128239","69.60","70.50","69.20","69.40","-0.2000","892"
"3004","豐達科","86600","5297097","61.10","62.00","60.50","61.50","0.4000","126"
"3005","神基","581537","23870437","41.35","41.45","40.75","40.75","-0.6000","513"
"3006","晶豪科","4430044","295664992","67.30","68.20","65.60","65.60","-1.9000","4485"
"3008","大立光","597171","1060815295","1755.00","1795.00","1755.00","1780.00","15.0000","1267"
"3010","華立","258491","20673986","81.00","81.70","79.00","79.80","-1.0000","277"
"3011","今皓","292301","3845251","13.15","13.30","13.00","13.15","0.0000","129"
"3013","晟銘電","199639","2807958","14.00","14.20","13.90","14.05","0.0500","123"
"3014","聯陽","362396","21335320","58.30","59.50","58.30","58.60","0.4000","536"
"3015","全漢","63015","2331456","37.15","37.15","36.85","36.95","-0.0500","51"
"3016","嘉晶","844356","59005291","69.80","71.00","69.00","69.00","-1.1000","901"
"3017","奇鋐","5797284","591811535","102.00","104.50","100.00","100.50","-1.0000","3667"
"3018","同開","5676","50541","8.88","8.90","8.88","8.90","0.0200","57"
"3019","亞光","923525","54381306","59.10","59.50","58.30","59.00","0.0000","930"
"3021","鴻名","188720","4075228","21.85","21.95","21.30","21.80","0.1000","116"
"3022","威強電","1481406","81625226","55.60","56.10","54.50","54.50","-1.3000","1173"
"3023","信邦","568184","159822340","283.00","283.00","279.50","281.00","-2.0000","563"
"3024","憶聲","401060","5034554","12.65","12.80","12.45","12.50","-0.1500","153"
"3025","星通","1299738","28698126","22.15","22.75","21.65","21.65","-0.6500","881"
"3026","禾伸堂","105053","9132647","87.20","87.30","86.60","86.90","-0.4000","309"
"3027","盛達","3573735","83369593","23.40","24.20","22.75","22.90","0.0000","2133"
"3028","增你強","175884","4580130","26.05","26.20","25.85","25.90","-0.1000","205"
"3029","零壹","109742","4224012","38.50","38.70","38.30","38.45","-0.0500","135"
"3030","德律","160797","9739384","60.40","61.10","60.20","60.20","-0.5000","166"
"3031","佰鴻","108260","1572008","14.50","14.70","14.35","14.35","-0.0500","93"
"3032","偉訓","103003","2745837","26.90","27.00","26.20","26.75","-0.2500","64"
"3033","威健","863930","22365004","26.00","26.20","25.65","25.65","-0.3500","690"
"3034","聯詠","4578732","1123993519","244.50","248.00","243.50","244.00","1.0000","4516"
"3035","智原","32749828","4250478487","130.50","134.00","125.00","125.00","-5.5000","19087"
"3036","文曄","2721122","170752678","62.30","63.20","62.00","62.50","0.7000","1772"
"3036A","文曄甲特","14032","658801","46.95","46.95","46.95","46.95","0.0000","9"
"3037","欣興","45760490","5658811872","120.50","126.00","120.00","122.50","1.5000","25930"
"3038","全台","615442","12500480","20.65","20.65","20.05","20.05","-0.5000","339"
"3040","遠見","15066","438268","29.10","29.10","28.95","28.95","-0.1500","15"
"3041","揚智","443856","8052177","18.05","18.35","17.90","18.00","-0.0500","375"
"3042","晶技","2106570","159602360","75.10","76.50","74.90","75.70","0.6000","2868"
"3043","科風","471793","3116505","6.60","6.78","6.50","6.50","-0.0200","198"
"3044","健鼎","2021668","184963875","89.80","92.30","89.80","91.20","0.9000","1260"
"3045","台灣大","5006747","458436855","92.30","92.80","91.00","91.00","-1.2000","3086"
"3046","建碁","19305227","1127149734","59.50","59.70","57.50","58.00","-1.2000","11162"
"3047","訊舟","7996880","131497280","16.45","16.80","16.05","16.05","-0.4000","3346"
"3048","益登","239879","6595014","27.50","27.65","27.30","27.35","-0.1500","272"
"3049","和鑫","1304808","12465778","9.59","9.67","9.45","9.45","-0.0900","601"
"3050","鈺德","3600335","55189588","15.65","15.80","15.05","15.10","-0.5000","698"
"3051","力特","727305","12169073","16.75","17.00","16.50","16.65","0.1000","401"
"3052","夆典","265264","2602341","9.90","9.90","9.78","9.80","-0.0700","56"
"3054","立萬利","4000","80100","20.05","20.10","19.85","19.85","0.3500","4"
"3055","蔚華科","101006","2575125","25.90","25.90","25.00","25.70","-0.1000","157"
"3056","總太","591091","17551765","29.30","30.10","29.25","29.85","0.6000","422"
"3057","喬鼎","121004","1212864","10.10","10.15","9.95","9.95","-0.1500","273"
"3058","立德","240818","2294875","9.20","9.80","9.20","9.50","0.3200","269"
"3059","華晶科","1506653","51583930","34.50","34.80","33.65","33.65","-0.7000","811"
"3060","銘異","225779","3740273","16.50","16.75","16.45","16.50","0.0500","164"
"3062","建漢","4348474","104004057","24.20","24.45","23.30","23.30","-0.6500","2096"
"3090","日電貿","168180","8080370","48.55","48.55","47.85","47.95","-0.2500","149"
"3092","鴻碩","152219","5100919","34.00","34.10","33.05","33.05","-0.5000","138"
"3094","聯傑","94372","2280708","24.45","24.65","23.90","24.10","-0.1000","88"
"3130","一零四","4274","816452","191.00","191.00","191.00","191.00","0.0000","53"
"3138","耀登","294757","36155070","121.50","125.00","121.00","122.50","0.5000","327"
"3149","正達","3288694","69768929","21.85","22.20","20.50","20.60","-1.2500","1938"
"3164","景岳","163311","3665060","22.45","22.65","22.20","22.40","-0.1000","112"
"3167","大量","74313","3038563","40.80","41.10","40.70","40.90","-0.1000","46"
"3189","景碩","20376102","2108394681","102.00","105.50","101.50","102.00","-0.5000","12718"
"3209","全科","458863","14478657","31.70","31.80","31.30","31.35","-0.3500","315"
"3229","晟鈦","1000","21600","21.60","21.60","21.60","21.60","0.5500","1"
"3231","緯創","8159608","214542924","26.20","26.50","26.15","26.20","0.0000","2557"
"3257","虹冠電","61368","2253917","37.05","37.45","36.00","36.20","-0.6000","63"
"3266","昇陽","45000","489400","10.90","10.95","10.75","10.85","0.0500","29"
"3296","勝德","1092000","18605400","16.75","17.30","16.70","17.20","0.3000","751"
"3305","昇貿","318599","12271605","38.60","39.20","37.95","37.95","-0.6500","257"
"3308","聯德","18010","206275","11.45","11.50","11.45","11.45","0.0500","9"
"3311","閎暉","12009","388087","32.60","32.60","32.10","32.50","0.4500","24"
"3312","弘憶股","165089","2798523","16.70","17.15","16.70","16.80","0.0000","123"
"3321","同泰","49480","425603","8.64","8.64","8.59","8.59","-0.0100","33"
"3338","泰碩","271114","8344820","31.05","31.45","30.30","30.30","-0.6000","232"
"3346","麗清","1483403","47185466","31.70","32.80","31.10","31.10","-0.3000","927"
"3356","奇偶","8048416","280640171","34.20","35.40","33.95","34.75","0.3500","5112"
"3376","新日興","302264","24276295","80.40","81.00","79.80","80.20","-0.6000","275"
"3380","明泰","1477645","42090099","28.80","28.95","28.10","28.35","-0.2500","921"
"3406","玉晶光","3460015","1086928530","314.00","319.50","310.00","311.00","-5.0000","3847"
"3413","京鼎","420328","73613563","176.00","178.50","173.00","173.50","-1.0000","405"
"3416","融程電","42774","3429598","80.50","80.60","79.90","80.40","0.2000","49"
"3419","譁裕","179354","2898638","16.25","16.40","16.00","16.05","-0.1500","112"
"3432","台端","834570","15190900","18.65","18.80","17.85","17.90","-0.3500","487"
"3437","榮創","134034","2177505","16.25","16.45","16.10","16.10","-0.1000","241"
"3443","創意","14503276","6168854948","425.00","434.00","419.00","421.50","8.5000","12182"
"3450","聯鈞","192769","6956515","36.55","36.60","35.70","35.70","-0.5000","160"
"3454","晶睿","9887931","1417769877","145.00","146.50","140.50","143.50","0.0000","6627"
"3481","群創","99206594","1289207177","12.80","13.20","12.60","13.20","0.2000","28377"
"3494","誠研","504361","4507975","9.10","9.33","8.80","8.82","-0.2400","279"
"3501","維熹","21089","951207","45.30","45.30","44.90","45.05","0.0500","23"
"3504","揚明光","1733755","133488678","77.50","78.70","75.40","75.80","-0.9000","1367"
"3515","華擎","4855992","464346136","91.40","98.10","90.70","94.70","3.7000","4170"
"3518","柏騰","273044","5513987","20.70","20.70","19.85","19.95","-0.5000","176"
"3528","安馳","8510","420711","49.95","49.95","49.30","49.35","0.0500","16"
"3530","晶相光","83475","5746903","70.50","70.60","67.60","68.00","-1.3000","103"
"3532","台勝科","1981162","278398287","140.00","143.00","139.00","139.00","-0.5000","2180"
"3533","嘉澤","1009576","736371545","725.00","737.00","717.00","732.00","26.0000","1081"
"3535","晶彩科","1971268","51234819","25.80","26.20","25.70","25.85","0.0000","1033"
"3536","誠創","7000","31310","4.75","4.75","4.40","4.40","0.0000","4"
"3543","州巧","13049","260037","20.15","20.15","19.75","20.05","0.0500","27"
"3545","敦泰","10197334","753638615","74.20","74.90","73.10","74.90","0.9000","9472"
"3550","聯穎","53290","708689","13.30","13.45","13.10","13.45","0.1500","52"
"3557","嘉威","26022","1238922","47.65","48.05","47.05","47.65","0.0000","34"
"3563","牧德","45256","5425115","120.50","121.00","119.00","119.00","-2.0000","81"
"3576","聯合再生","11819723","256399299","21.40","22.00","21.40","21.55","0.3000","4923"
"3583","辛耘","236141","15352851","65.10","66.50","63.90","63.90","-1.2000","275"
"3588","通嘉","181831","8725571","48.15","48.80","47.25","47.25","-0.2500","431"
"3591","艾笛森","201223","2897648","14.35","14.50","14.20","14.35","0.1500","117"
"3592","瑞鼎","725037","166621551","229.50","232.50","228.00","228.00","-0.5000","2267"
"3593","力銘","5096","68745","13.35","13.55","13.35","13.55","0.0500","15"
"3596","智易","1812119","177233734","99.20","99.30","96.30","96.30","-1.7000","1934"
"3605","宏致","130608","3788841","29.00","29.40","28.80","28.90","-0.1000","97"
"3607","谷崧","276118","3374281","12.00","12.55","12.00","12.05","0.2000","182"
"3617","碩天","283422","27034580","94.60","97.40","94.00","95.80","2.1000","235"
"3622","洋華","127060","3243246","25.95","26.30","25.30","25.30","-0.0500","73"
"3645","達邁","254332","7968252","31.45","31.80","31.05","31.20","-0.3000","193"
"3652","精聯","51500","1109068","21.75","21.80","21.35","21.45","-0.2500","57"
"3653","健策","1299221","477898449","369.00","376.50","363.50","363.50","-5.5000","1291"
"3661","世芯-KY","8425681","5810987365","680.00","702.00","677.00","692.00","21.0000","7980"
"3665","貿聯-KY","2673764","722994672","264.50","275.50","263.50","272.00","7.5000","2232"
"3669","圓展","170870","7016942","40.40","41.45","40.40","41.15","0.8500","157"
"3673","TPK-KY","848072","26702494","31.60","31.90","31.20","31.20","-0.4000","568"
"3679","新至陞","11322","882555","78.00","78.20","77.60","78.20","0.0000","16"
"3682","亞太電","873945","5457888","6.28","6.29","6.21","6.21","-0.0500","445"
"3686","達能","154542","1718782","11.05","11.25","11.05","11.05","0.0000","167"
"3694","海華","883362","17007866","18.05","19.55","18.05","19.55","1.7500","327"
"3701","大眾控","365326","12738847","34.95","35.35","34.20","34.35","-0.5000","373"
"3702","大聯大","6241556","287200463","45.35","46.75","45.35","45.70","0.1000","3376"
"3702A","大聯大甲特","263007","12380180","47.15","47.15","47.00","47.05","-0.0500","123"
"3703","欣陸","1950138","54071110","27.95","28.05","27.45","27.50","-0.2000","1233"
"3704","合勤控","1130972","30603178","27.15","27.45","26.85","26.95","-0.2000","1266"
"3705","永信","218206","8385121","38.40","38.70","38.25","38.45","0.1000","186"
"3706","神達","1615522","43488185","26.90","27.20","26.70","26.75","0.1000","950"
"3708","上緯投控","2213747","199953193","87.50","91.60","87.10","89.70","2.5000","1829"
"3711","日月光投控","12228866","921553817","75.30","76.10","74.70","74.90","-1.2000","6711"
"3712","永崴投控","132493","3141058","23.50","23.90","23.50","23.55","0.1000","104"
"3714","富采","3025595","131630164","43.65","43.95","43.15","43.20","-0.4500","2570"
"3715","定穎投控","740782","12788590","17.05","17.45","17.05","17.25","0.1000","324"
"4104","佳醫","184143","11503066","62.50","63.00","61.90","62.00","-0.5000","279"
"4106","雃博","73000","1752332","24.20","24.30","23.75","23.75","-0.3000","122"
"4108","懷特","230183","4095024","17.85","18.10","17.50","17.85","0.2500","197"
"4119","旭富","168625","14770729","87.70","88.50","87.00","87.80","0.0000","339"
"4133","亞諾法","286353","9661477","34.35","34.35","33.40","33.40","-0.4500","302"
"4137","麗豐-KY","50520","7641611","152.50","153.00","150.50","151.00","-2.0000","61"
"4142","國光生","966145","32095707","33.90","33.90","32.75","32.75","-0.7500","803"
"4148","全宇生技-KY","248954","13406981","54.20","54.40","53.40","53.60","0.0000","202"
"4155","訊映","359814","8338631","23.30","23.50","22.90","22.95","-0.5000","249"
"4164","承業醫","207519","8332443","41.00","41.00","39.85","39.85","-0.9000","157"
"4190","佐登-KY","86383","6282567","72.60","73.70","71.90","71.90","-0.5000","85"
"4306","炎洲","399431","5391849","13.45","13.55","13.45","13.50","0.0500","233"
"4426","利勤","203617","4694200","23.00","23.35","22.85","23.10","0.2000","157"
"4438","廣越","623514","86705510","141.50","143.00","137.50","137.50","-4.0000","441"
"4439","冠星-KY","5400","545450","101.50","101.50","100.50","101.00","-0.5000","10"
"4440","宜新實業","27739","929582","33.10","33.85","33.10","33.40","0.2000","35"
"4526","東台","22762","309099","13.65","13.65","13.50","13.55","0.0500","88"
"4532","瑞智","589705","9436150","16.15","16.20","15.80","15.80","-0.4000","334"
"4536","拓凱","1473778","254601468","170.50","176.50","169.00","169.50","0.0000","1039"
"4540","全球傳動","45876","1519712","33.70","33.70","32.90","33.00","0.0000","99"
"4545","銘鈺","22003","601131","27.30","27.40","27.15","27.40","0.1000","17"
"4551","智伸科","2305055","351100439","146.00","156.00","145.50","151.50","7.0000","1791"
"4552","力達-KY","26201","751268","28.75","28.75","28.55","28.75","0.2000","23"
"4555","氣立","8000","390600","49.00","49.00","48.60","49.00","0.0000","6"
"4557","永新-KY","125304","13198761","107.00","107.00","104.50","105.00","-1.5000","119"
"4560","強信-KY","19000","744050","39.30","39.35","39.05","39.20","-0.1000","17"
"4562","穎漢","53367","829974","15.60","15.70","15.35","15.50","-0.0500","50"
"4564","元翎","331394","7721529","23.50","23.90","22.90","22.95","-0.4500","268"
"4566","時碩工業","372528","19011153","51.10","52.00","50.50","50.70","-0.1000","311"
"4571","鈞興-KY","5000","334000","66.80","66.80","66.80","66.80","0.5000","5"
"4572","駐龍","299079","35873246","119.00","121.00","118.50","119.50","0.5000","211"
"4576","大銀微系統","42247","2752203","65.10","65.70","64.50","64.90","-0.7000","45"
"4581","光隆精密-KY","2000","63600","31.80","31.80","31.80","31.80","-0.1500","1"
"4583","台灣精銳","29002","5284876","185.00","185.50","178.00","178.00","-9.5000","30"
"4720","德淵","185053","2549181","13.80","14.00","13.65","13.70","-0.1000","117"
"4722","國精化","12234","404188","33.50","33.50","32.95","33.00","0.0000","16"
"4737","華廣","37102","2754315","74.00","75.40","73.20","74.00","0.2000","28"
"4739","康普","1103829","98091238","89.20","90.30","87.80","87.80","-1.4000","898"
"4746","台耀","201390","9830585","49.10","49.55","48.40","48.40","-0.6000","185"
"4755","三福化","317219","35158542","111.00","112.00","110.00","110.00","0.0000","282"
"4763","材料-KY","836491","96072733","116.50","117.50","113.00","113.50","-2.0000","644"
"4764","雙鍵","","","","","","","0.0000",""
"4766","南寶","35000","4558500","130.50","131.00","129.50","130.00","-0.5000","31"
"4770","上品","266558","76281367","286.50","291.00","281.00","282.50","-2.0000","263"
"4807","日成-KY","3000","58250","19.40","19.45","19.40","19.45","0.0000","3"
"4904","遠傳","5663294","386431632","68.20","68.60","67.70","67.90","-0.6000","2980"
"4906","正文","1332420","36631962","27.60","27.80","27.15","27.20","-0.2500","783"
"4912","聯德控股-KY","235031","17085834","69.00","74.60","69.00","71.60","1.7000","202"
"4915","致伸","2124833","126507566","60.00","60.40","59.00","59.00","-1.1000","1305"
"4916","事欣科","143184","3182732","22.30","22.60","21.95","22.05","-0.2000","127"
"4919","新唐","7106307","719089931","101.50","103.00","99.80","99.80","-0.7000","4200"
"4927","泰鼎-KY","5775214","303594220","52.60","53.90","51.50","51.60","0.1000","3511"
"4930","燦星網","32947","787440","24.00","24.05","23.80","23.80","0.0000","33"
"4934","太極","316162","7641016","24.05","24.45","24.00","24.25","0.2500","232"
"4935","茂林-KY","96560","4789014","50.50","50.50","49.15","49.70","0.3000","99"
"4938","和碩","5290967","300744316","56.20","57.40","55.90","56.70","0.1000","2376"
"4942","嘉彰","101138","3421424","34.00","34.05","33.70","33.85","0.0000","96"
"4943","康控-KY","142205","1438755","9.99","10.20","9.99","10.05","-0.0500","100"
"4952","凌通","214209","9763630","45.55","46.20","44.85","44.85","-1.0500","267"
"4956","光鋐","105008","1490614","14.20","14.30","14.10","14.15","0.0000","75"
"4958","臻鼎-KY","5266435","568324294","111.00","111.00","106.00","107.00","-3.0000","2721"
"4960","誠美材","1293699","12560417","9.76","9.88","9.60","9.61","-0.1500","432"
"4961","天鈺","9750466","1086263845","111.50","113.00","109.50","112.00","0.5000","6714"
"4967","十銓","449873","14014606","30.90","32.40","30.50","31.45","0.8000","504"
"4968","立積","1220876","120048764","97.00","99.70","97.00","97.70","1.2000","1295"
"4976","佳凌","223042","7782137","35.00","35.55","34.55","34.80","-0.1500","197"
"4977","眾達-KY","3661616","393351717","105.50","112.00","103.50","104.00","0.5000","2339"
"4989","榮科","91209","2114966","23.20","23.80","22.80","22.80","-0.2000","97"
"4994","傳奇","70140","2700724","38.90","38.95","38.00","38.50","0.0000","56"
"4999","鑫禾","19385","679171","35.20","35.20","34.85","34.95","-0.3500","27"
"5007","三星","22145","1163327","52.50","52.80","52.40","52.40","-0.1000","18"
"5203","訊連","94222","8110724","85.40","87.10","85.20","85.80","-0.3000","81"
"5215","科嘉-KY","5195910","267286269","48.50","53.20","48.20","53.20","4.7000","3849"
"5222","全訊","176051","20999764","119.00","120.50","117.50","119.50","1.0000","156"
"5225","東科-KY","2248927","74405514","31.95","34.10","31.95","33.80","2.0500","1410"
"5234","達興材料","216475","13489385","64.60","64.60","60.80","61.10","-1.9000","235"
"5243","乙盛-KY","4835911","299665294","62.80","63.40","61.00","61.00","-2.0000","3294"
"5244","弘凱","46025","1017555","22.10","22.35","22.00","22.35","-0.1500","41"
"5258","虹堡","11213782","687172785","62.20","62.80","58.90","58.90","-2.2000","6227"
"5269","祥碩","1033379","650647823","615.00","648.00","615.00","616.00","-6.0000","1081"
"5283","禾聯碩","7606","772791","102.00","102.00","101.50","101.50","-0.5000","21"
"5284","jpp-KY","148337","7135316","48.30","48.60","47.65","47.80","-0.1000","150"
"5285","界霖","400370","25238700","65.00","65.10","61.70","61.70","-3.0000","362"
"5288","豐祥-KY","120453","21047502","175.00","177.00","172.00","172.00","-3.0000","93"
"5306","桂盟","96239","13716189","141.50","143.50","141.50","143.00","0.0000","168"
"5388","中磊","4914765","400892966","82.60","83.50","80.10","80.20","-2.7000","3771"
"5434","崇越","333086","49947947","149.00","150.50","149.00","150.00","1.0000","343"
"5469","瀚宇博","326349","9423232","28.75","29.10","28.70","28.75","0.0000","228"
"5471","松翰","291378","13709256","47.15","47.55","46.55","46.55","-0.3000","335"
"5484","慧友","7141","90790","12.70","12.75","12.70","12.70","0.0000","8"
"5515","建國","59538","661380","11.05","11.15","11.00","11.10","0.1000","40"
"5519","隆大","144878","2998784","20.80","20.85","20.65","20.65","-0.1500","111"
"5521","工信","391398","2517341","6.44","6.47","6.40","6.40","-0.0500","302"
"5522","遠雄","1879231","103603411","52.60","56.30","52.60","55.80","3.3000","1148"
"5525","順天","66437","1610855","24.25","24.40","24.15","24.25","-0.0500","40"
"5531","鄉林","171100","1572413","9.19","9.28","9.13","9.14","-0.0900","92"
"5533","皇鼎","168252","2818543","16.70","16.95","16.50","16.55","-0.1500","98"
"5534","長虹","190914","13686937","71.30","72.10","71.20","71.90","0.0000","175"
"5538","東明-KY","5050","223771","44.10","44.45","44.10","44.45","-0.2000","7"
"5546","永固-KY","17131","838373","49.00","49.35","48.80","48.80","-0.6500","34"
"5607","遠雄港","1095099","63838086","56.40","59.20","56.40","58.80","2.4000","719"
"5608","四維航","2165976","54083659","24.90","25.20","24.70","24.85","0.1000","1401"
"5706","鳳凰","1447745","70362179","48.85","49.95","47.60","47.60","-1.2000","1083"
"5871","中租-KY","2698824","469670248","175.50","177.50","171.50","172.00","-3.0000","2996"
"5871A","中租-KY甲特","85507","8218337","96.30","96.30","96.00","96.00","-0.3000","57"
"5876","上海商銀","5889985","276737703","47.10","47.40","46.70","46.70","-0.7500","2660"
"5880","合庫金","15001478","363190728","24.40","24.50","24.00","24.05","-0.3500","7865"
"5906","台南-KY","42000","1221650","29.10","29.80","28.60","29.80","0.7500","21"
"5907","大洋-KY","16051","221603","13.80","13.85","13.80","13.80","0.0000","15"
"6005","群益證","1560274","15807554","10.10","10.25","10.05","10.05","-0.0500","599"
"6024","群益期","81190","2811736","34.60","34.80","34.40","34.75","-0.0500","174"
"6108","競國","22006","352848","16.00","16.10","15.95","16.10","-0.1000","20"
"6112","邁達特","29750","932916","31.40","31.55","31.20","31.30","-0.0500","40"
"6115","鎰勝","127285","5199224","40.80","41.10","40.70","40.90","0.1000","87"
"6116","彩晶","14188740","173433099","12.10","12.30","12.00","12.30","0.1000","4265"
"6117","迎廣","117915","1535324","13.30","13.30","12.85","12.85","-0.3500","389"
"6120","達運","552822","5035472","9.16","9.19","9.04","9.07","-0.0800","375"
"6128","上福","53033","1454390","27.70","27.70","27.20","27.35","-0.2000","39"
"6133","金橋","3730874","76807944","20.45","21.00","20.25","20.30","-0.2500","1802"
"6136","富爾特","45527","799670","17.60","17.75","17.55","17.65","0.0500","42"
"6139","亞翔","228761","6637918","28.95","29.20","28.80","28.90","-0.1000","160"
"6141","柏承","239960","4454661","19.20","19.20","18.05","18.40","0.4500","153"
"6142","友勁","584468","5324542","9.10","9.23","9.01","9.07","0.0100","208"
"6152","百一","403389","3918972","9.78","9.95","9.52","9.95","0.2500","158"
"6153","嘉聯益","7319606","181881212","24.90","25.45","24.45","24.50","-0.4000","2970"
"6155","鈞寶","28300","584880","20.85","20.85","20.55","20.70","-0.1000","26"
"6164","華興","173672","1649496","9.47","9.59","9.42","9.49","0.0600","118"
"6165","浪凡","43000","1071050","25.30","25.30","24.80","24.85","0.0000","27"
"6166","凌華","44000","2198000","50.00","50.20","49.75","49.80","-0.4000","39"
"6168","宏齊","184262","2939182","16.05","16.10","15.80","15.85","0.0000","136"
"6176","瑞儀","2143264","212361895","98.60","99.80","98.30","98.50","0.0000","1614"
"6177","達麗","203062","5438160","26.55","26.90","26.55","26.70","0.1500","126"
"6183","關貿","65567","3943153","60.90","61.70","59.60","59.90","-1.0000","92"
"6184","大豐電","8896","425553","47.90","48.00","47.65","47.75","-0.2000","14"
"6189","豐藝","84420","3012680","35.80","35.90","35.55","35.55","-0.1000","106"
"6191","精成科","750284","19140040","25.55","25.75","25.25","25.30","-0.3500","444"
"6192","巨路","130827","8799040","66.00","68.70","66.00","66.60","0.6000","137"
"6196","帆宣","408747","41255832","101.50","103.00","99.80","99.80","-0.2000","353"
"6197","佳必琪","162266","5846841","36.30","36.50","35.70","35.70","-0.8000","136"
"6201","亞弘電","10235","397750","38.85","39.00","38.80","38.80","-0.1500","20"
"6202","盛群","2191738","149730516","67.40","69.40","66.60","68.30","2.3000","2161"
"6205","詮欣","11916179","1030300690","85.60","87.80","84.20","87.00","2.1000","8161"
"6206","飛捷","425913","27120957","64.20","64.50","63.10","63.10","-0.7000","361"
"6209","今國光","192292","4396596","23.15","23.20","22.55","22.60","-0.2000","140"
"6213","聯茂","1135951","63705664","56.10","57.00","55.70","55.70","-0.1000","725"
"6214","精誠","864102","58149669","67.30","68.20","66.90","67.00","-1.0000","413"
"6215","和椿","75749","1473409","19.45","19.70","19.30","19.45","0.0000","83"
"6216","居易","143963","3579227","25.00","25.20","24.60","24.60","-0.4000","129"
"6224","聚鼎","84162","4565623","54.90","55.00","53.60","53.60","-1.0000","183"
"6225","天瀚","62143","471260","7.00","7.46","6.97","6.97","-0.2600","67"
"6226","光鼎","282255","2830668","10.05","10.15","9.90","9.93","-0.0700","156"
"6230","尼得科超眾","28222","2997109","107.50","107.50","104.00","105.50","0.0000","41"
"6235","華孚","4078856","131444332","31.90","32.90","31.65","31.85","0.2500","2447"
"6239","力成","3820442","272599767","71.70","72.00","71.00","71.00","-0.8000","2312"
"6243","迅杰","211046","5270553","24.50","25.50","24.45","24.80","0.3500","160"
"6257","矽格","1805062","83471938","46.30","46.75","45.80","46.10","-0.4000","1910"
"6269","台郡","787417","71302243","90.10","91.70","89.60","90.40","-0.1000","832"
"6271","同欣電","2062546","335514338","160.00","166.00","159.50","160.50","1.0000","1734"
"6277","宏正","15710","1192857","76.20","76.20","75.60","76.00","0.3000","20"
"6278","台表科","1076701","87316620","81.10","82.00","80.30","80.30","-0.6000","1095"
"6281","全國電","12581","1011143","80.30","80.60","80.10","80.60","0.0000","33"
"6282","康舒","2117770","59636392","28.40","28.65","27.80","27.85","-0.4000","1342"
"6283","淳安","127519","3889923","30.70","30.85","30.15","30.15","-0.3500","99"
"6285","啟碁","3430574","290256065","84.90","85.70","83.80","84.00","-0.7000","2720"
"6288","聯嘉","187000","3876450","20.70","21.10","20.25","20.55","-0.2500","148"
"6405","悅城","5208","96626","18.50","18.65","18.50","18.55","-0.1000","9"
"6409","旭隼","181993","244344095","1340.00","1365.00","1320.00","1340.00","5.0000","214"
"6412","群電","267300","18362305","67.20","69.20","67.20","68.60","0.6000","264"
"6414","樺漢","379214","71300224","190.00","190.00","186.50","186.50","-2.5000","399"
"6415","矽力*-KY","1398648","587107045","418.00","426.00","414.50","419.00","-3.0000","1218"
"6416","瑞祺電通","59113","4802459","81.40","82.20","80.60","80.60","-0.8000","61"
"6426","統新","53012","3329553","63.00","63.50","62.30","62.80","-0.3000","50"
"6431","光麗-KY","54000","1086500","20.20","20.55","19.75","20.15","0.1500","43"
"6438","迅得","530614","42354084","80.50","81.50","79.10","79.40","-1.0000","511"
"6442","光聖","723586","30076948","40.50","42.55","40.50","40.85","0.1000","516"
"6443","元晶","16997392","599013752","35.05","35.65","34.80","35.20","0.1500","7649"
"6449","鈺邦","12003","482474","40.20","40.25","40.10","40.20","0.0000","13"
"6451","訊芯-KY","99080","8338563","84.80","85.00","83.60","84.00","-0.3000","76"
"6456","GIS-KY","4384138","368982021","83.20","84.80","83.00","83.90","1.2000","3384"
"6464","台數科","88061","8183315","92.50","93.60","92.30","92.80","-0.2000","40"
"6477","安集","2773729","122159091","43.25","44.70","43.25","43.80","0.4000","2024"
"6491","晶碩","368748","113292398","312.00","315.50","303.00","305.00","-7.0000","483"
"6504","南六","8490","620689","73.40","73.50","72.40","73.00","-0.3000","69"
"6505","台塑化","3283945","257696876","78.40","79.60","77.60","77.90","-1.5000","2512"
"6515","穎崴","196608","69777390","356.00","362.00","348.00","350.00","-7.0000","219"
"6525","捷敏-KY","79226","4940738","63.30","63.50","61.60","61.90","-1.0000","93"
"6531","愛普*","1939958","294373384","152.00","156.00","148.50","148.50","-4.0000","1703"
"6533","晶心科","7902302","2729043639","350.00","359.00","338.50","339.00","-11.0000","7001"
"6541","泰福-KY","261522","11645817","44.85","45.20","43.95","44.00","-0.9500","218"
"6550","北極星藥業-KY","2368539","232388484","98.00","99.90","96.50","96.70","-2.3000","2239"
"6552","易華電","49649","1426229","28.50","28.95","28.50","28.75","0.2500","60"
"6558","興能高","79221","1366416","17.30","17.35","17.10","17.30","0.0500","84"
"6573","虹揚-KY","29500","382800","13.00","13.05","12.85","12.85","-0.1500","12"
"6579","研揚","53006","3934544","76.50","76.50","73.30","73.60","0.3000","55"
"6581","鋼聯","117555","10616251","89.20","91.00","89.20","89.70","0.0000","59"
"6582","申豐","134284","7077420","52.80","53.50","52.00","52.00","-0.8000","135"
"6585","鼎基","102500","5085495","49.70","50.80","48.60","48.60","-0.9000","91"
"6591","動力-KY","83627","3242047","38.40","39.25","38.40","38.45","0.0500","86"
"6592","和潤企業","283254","27639051","97.80","98.30","97.10","97.20","-1.2000","410"
"6592A","和潤企業甲特","20217","1917126","94.90","94.90","94.80","94.80","-0.1000","24"
"6598","ABC-KY","190563","4903528","25.70","26.25","25.40","25.55","-0.3500","142"
"6605","帝寶","404998","27851914","69.20","69.80","67.80","68.10","-1.2000","386"
"6625","必應","50237","1528337","30.75","30.75","30.00","30.55","-0.3000","39"
"6641","基士德-KY","10253","523896","51.10","51.50","50.90","51.50","-0.3000","19"
"6655","科定","14034","1760436","126.50","126.50","124.00","125.00","-1.5000","14"
"6666","羅麗芬-KY","418914","31909286","76.30","78.20","73.90","73.90","-2.4000","409"
"6668","中揚光","77220","2672414","35.00","35.05","34.25","34.80","0.0500","70"
"6669","緯穎","1036057","696836467","678.00","688.00","663.00","672.00","-6.0000","1034"
"6670","復盛應用","455926","84892732","183.50","187.50","183.50","187.50","2.5000","398"
"6671","三能-KY","7000","266550","38.55","38.60","37.70","38.60","0.1000","5"
"6672","騰輝電子-KY","88336","5365471","60.60","61.40","60.20","60.40","-0.3000","113"
"6674","鋐寶科技","12000","268300","22.70","22.70","22.20","22.30","-0.1000","12"
"6689","伊雲谷","47876","5207199","106.50","110.50","106.50","108.50","0.0000","54"
"6691","洋基工程","24208","3854650","159.50","160.50","158.00","159.50","0.5000","30"
"6698","旭暉應材","27069","744387","27.40","27.90","27.25","27.40","0.0000","29"
"6706","惠特","393933","32230639","81.00","82.90","80.70","81.00","-0.5000","459"
"6715","嘉基","209360","25880640","129.00","129.00","121.00","123.50","-4.5000","157"
"6719","力智","1616272","397469034","244.00","251.50","241.50","241.50","-5.0000","1561"
"6743","安普新","66607","2045231","30.30","31.15","30.30","30.60","0.2000","60"
"6754","匯僑設計","36218","1625382","44.95","44.95","44.65","44.85","-0.0500","31"
"6756","威鋒電子","244126","41798802","171.50","174.00","169.00","170.00","-2.0000","258"
"6768","志強-KY","1024332","80784434","76.60","80.40","76.60","78.10","1.5000","827"
"6770","力積電","14074373","422805029","30.00","30.30","29.80","29.90","0.0000","6374"
"6776","展碁國際","22385","811877","36.25","36.35","36.20","36.30","-0.1500","33"
"6781","AES-KY","1322699","834099805","621.00","640.00","617.00","631.00","10.0000","1354"
"6789","采鈺","1382200","249819896","179.50","185.50","176.50","176.50","-2.0000","1349"
"6790","永豐實","53435","1852535","34.70","34.75","34.60","34.65","-0.0500","79"
"6792","詠業","82659","5596618","68.90","68.90","66.30","67.20","-1.0000","102"
"6796","晉弘","84722","6543467","78.20","79.50","75.70","75.80","-2.4000","126"
"6799","來頡","203814","19613853","95.00","98.00","93.60","94.30","-1.6000","215"
"6806","森崴能源","767278","48687209","63.30","64.60","62.50","62.80","0.5000","673"
"6807","峰源-KY","40","1000","","","","","0.0000","4"
"6830","汎銓","66692","6099159","92.30","93.50","90.30","91.10","-1.4000","79"
"6834","天二科技","37000","847950","22.90","23.00","22.85","22.90","0.0000","30"
"6854","錼創科技-KY創","28000","2267700","81.80","82.00","79.70","81.70","-0.1000","25"
"8011","台通","214776","3066745","14.40","14.45","14.10","14.15","-0.0500","190"
"8016","矽創","1468633","261104692","178.50","181.00","175.00","176.50","-3.5000","3398"
"8021","尖點","209869","5330223","25.45","25.65","25.15","25.25","-0.1000","143"
"8028","昇陽半導體","13784819","705539833","50.70","51.80","50.40","51.60","1.7000","7814"
"8033","雷虎","1238157","21802796","17.60","17.95","17.35","17.40","-0.4500","561"
"8039","台虹","93825","3669916","39.50","39.50","38.90","39.20","-0.1000","118"
"8046","南電","23000596","4751427476","200.00","211.50","199.50","205.00","4.0000","17940"
"8070","長華*","271870","8346759","30.55","30.90","30.55","30.60","-0.1000","275"
"8072","陞泰","236387","5504741","22.70","23.95","22.65","23.40","0.7500","214"
"8081","致新","398551","50652010","125.50","129.00","125.00","126.00","0.5000","425"
"8101","華冠","51077","302814","5.97","5.97","5.93","5.94","-0.0600","34"
"8103","瀚荃","109123","3257938","29.90","30.20","29.65","29.70","-0.3500","77"
"8104","錸寶","152578","4998979","32.65","33.05","32.30","32.45","-0.2000","135"
"8105","凌巨","1443754","16702603","11.45","11.75","11.45","11.50","0.1000","572"
"8110","華東","406177","4519844","11.10","11.25","11.00","11.05","-0.1500","243"
"8112","至上","573700","19211122","33.50","33.70","33.30","33.40","-0.2000","528"
"8112A","至上甲特","1531","63701","41.70","41.70","41.70","41.70","0.0000","10"
"8114","振樺電","1043840","121990859","117.50","119.50","115.00","115.00","-2.5000","770"
"8131","福懋科","270000","9761550","35.95","36.30","35.95","36.15","0.1500","194"
"8150","南茂","12906849","415988219","31.00","32.85","30.70","32.30","1.3000","8776"
"8163","達方","276345","10564493","38.10","38.45","38.00","38.25","0.2500","267"
"8201","無敵","128002","1384021","10.90","10.95","10.65","10.75","0.0500","69"
"8210","勤誠","222031","14233244","64.80","65.50","63.20","63.50","-1.3000","193"
"8213","志超","507801","16851124","32.90","33.50","32.85","33.40","0.2000","376"
"8215","明基材","2144970","61135531","28.50","28.85","28.20","28.35","0.1000","1404"
"8222","寶一","1411535","26607918","19.05","19.40","18.50","18.50","-0.3000","936"
"8249","菱光","30154","642204","21.20","21.40","21.15","21.25","0.1500","52"
"8261","富鼎","2893855","291573509","102.00","103.00","98.70","98.70","-2.8000","2171"
"8271","宇瞻","1120898","46270748","41.00","42.20","40.30","40.50","0.0000","892"
"8341","日友","66757","9462024","142.00","143.50","140.00","140.50","-1.5000","334"
"8367","建新國際","31470","1020466","32.40","32.75","32.30","32.35","0.0500","27"
"8374","羅昇","28000","749850","27.30","27.30","25.95","26.50","-0.1000","18"
"8404","百和興業-KY","154849","4230548","26.90","28.20","26.90","27.20","-0.4500","126"
"8411","福貞-KY","94945","1209940","12.70","12.80","12.70","12.80","0.0500","173"
"8422","可寧衛","251926","42733408","170.00","171.00","168.50","171.00","2.0000","365"
"8429","金麗-KY","72900","696056","9.53","9.60","9.51","9.53","-0.0500","106"
"8438","昶昕","127482","3116046","23.15","25.40","23.15","24.10","1.0000","103"
"8442","威宏-KY","454205","36392528","80.90","80.90","79.10","80.40","0.6000","306"
"8443","阿瘦","43898","480424","11.00","11.00","10.90","10.95","0.0000","92"
"8454","富邦媒","413655","212072598","518.00","528.00","502.00","502.00","-13.0000","1714"
"8462","柏文","44005","4903290","110.00","115.00","110.00","111.00","2.0000","82"
"8463","潤泰材","44357","825748","18.50","18.80","18.50","18.55","0.0000","44"
"8464","億豐","472303","119611381","244.00","256.50","244.00","253.00","5.0000","514"
"8466","美吉吉-KY","38999","1586709","40.10","41.30","40.10","41.10","0.6500","33"
"8467","波力-KY","96070","5060875","51.90","53.50","51.90","52.80","1.1000","77"
"8473","山林水","16172","467128","29.10","29.10","28.80","28.90","-0.4000","21"
"8478","東哥遊艇","3455318","897056013","259.50","263.50","256.50","260.00","0.5000","3398"
"8480","泰昇-KY","10090","850578","84.40","84.40","84.20","84.20","-0.1000","12"
"8481","政伸","9025","497955","54.60","55.60","54.60","55.30","-0.5000","10"
"8482","商億-KY","10000","691400","69.00","69.20","69.00","69.20","0.5000","10"
"8488","吉源-KY","19000","303600","16.00","16.00","15.85","15.85","-0.1000","6"
"8499","鼎炫-KY","8012","817727","102.00","102.50","102.00","102.00","0.0000","9"
"8926","台汽電","593350","17654739","29.95","29.95","29.50","29.50","-0.4500","545"
"8940","新天地","159656","2512447","15.60","16.15","15.35","15.40","-0.2000","140"
"8996","高力","11230323","1361262697","123.00","123.50","118.50","118.50","-3.5000","6444"
"9103","美德醫療-DR","479140","2922753","6.10","6.10","6.10","6.10","0.5500","212"
"910322","康師傅-DR","","","","","","","0.0000",""
"9105","泰金寶-DR","4816386","18475300","3.86","3.90","3.81","3.81","-0.0500","8035"
"910861","神州-DR","54000","366310","6.77","6.82","6.71","6.71","0.0500","11"
"9110","越南控-DR","54000","165530","3.10","3.10","3.05","3.05","0.0400","37"
"911608","明輝-DR","180000","458790","2.56","2.58","2.53","2.56","0.0000","52"
"911622","泰聚亨-DR","2000","9660","4.83","4.83","4.83","4.83","0.0000","2"
"911868","同方友友-DR","222000","261330","1.18","1.18","1.16","1.18","0.0100","45"
"912000","晨訊科-DR","1905105","4547522","2.33","2.45","2.32","2.35","0.0800","335"
"9136","巨騰-DR","57000","366650","6.44","6.47","6.41","6.45","0.0100","35"
"9802","鈺齊-KY","5229244","845414571","158.50","165.00","157.50","160.50","1.0000","3238"
"9902","台火","192353","1972217","10.25","10.30","10.20","10.25","0.0500","27"
"9904","寶成","5319143","148856432","28.05","28.30","27.80","27.95","-0.1000","1823"
"9905","大華","16429","401156","24.35","24.50","24.35","24.45","0.1000","16"
"9906","欣巴巴","10000","455800","45.90","45.90","44.55","44.55","-1.5500","8"
"9907","統一實","3773673","66288925","17.35","17.75","17.35","17.55","0.2000","1523"
"9908","大台北","100054","2995654","30.10","30.10","29.80","29.90","-0.2000","129"
"9910","豐泰","1049600","170310196","161.00","165.00","161.00","161.00","0.5000","802"
"9911","櫻花","109292","6829118","62.50","62.80","62.10","62.20","-0.4000","162"
"9912","偉聯","73966","679411","9.25","9.26","9.11","9.11","0.0300","66"
"9914","美利達","457260","82551535","180.00","183.50","179.00","180.00","-1.5000","403"
"9917","中保科","299225","28593027","96.00","97.00","95.00","95.00","-1.0000","453"
"9918","欣天然","17328","724088","41.90","41.90","41.65","41.65","-0.6000","96"
"9919","康那香","4019492","60924855","15.20","15.30","14.95","15.25","0.1000","667"
"9921","巨大","633093","134719394","214.00","216.00","210.50","210.50","-6.5000","979"
"9924","福興","122340","4946907","40.25","40.60","40.10","40.55","0.3500","117"
"9925","新保","148649","5743185","38.60","38.75","38.50","38.65","0.0500","135"
"9926","新海","5132","261017","51.00","51.00","50.30","50.30","-0.6000","14"
"9927","泰銘","53690","1849987","34.30","34.65","34.25","34.25","-0.2000","86"
"9928","中視","327073","5846298","17.70","18.70","17.50","17.50","-1.0500","235"
"9929","秋雨","1457143","13388697","8.86","9.59","8.62","9.57","0.8500","381"
"9930","中聯資源","78242","3493383","44.70","44.70","44.60","44.70","0.1500","63"
"9931","欣高","","","","","","","0.0000",""
"9933","中鼎","2851098","130842443","44.90","46.20","44.90","46.20","1.0000","1971"
"9934","成霖","559943","6789988","12.00","12.30","11.90","12.30","0.2000","142"
"9935","慶豐富","83001","1390268","16.80","17.00","16.65","16.75","0.0000","57"
"9937","全國","53375","2656449","49.60","49.95","49.60","49.80","0.4000","48"
"9938","百和","858213","44799127","51.90","52.70","51.50","51.80","0.1000","645"
"9939","宏全","1357264","107431481","79.50","80.10","78.60","79.10","-0.4000","1003"
"9940","信義","204621","5855595","28.70","28.85","28.50","28.50","-0.3000","178"
"9941","裕融","697734","93122152","134.00","135.50","131.50","132.50","-1.5000","1213"
"9941A","裕融甲特","17005","833698","49.00","49.10","49.00","49.00","-0.0500","7"
"9942","茂順","2753459","302417912","108.00","113.00","106.50","109.00","1.5000","1913"
"9943","好樂迪","25598","1485977","57.90","58.20","57.90","58.10","0.2000","51"
"9944","新麗","68485","1396345","20.45","20.45","20.10","20.40","0.0000","48"
"9945","潤泰新","7470813","443302989","59.20","60.30","58.60","58.80","-0.2000","6536"
"9946","三發地產","32315","376979","11.75","11.80","11.60","11.60","-0.1500","28"
"9955","佳龍","1147642","20154965","16.90","17.90","16.90","17.60","0.7000","778"
"9958","世紀鋼","5773973","406331053","66.70","72.30","66.60","70.40","4.1000","4218"
